Name,Year,Height w/o Shoes,Height w/shoes,Weight,Wingspan,Reach,Body Fat,Hand Length,Hand Width,No Step Vert,No Step Vert Reach,Max Vert,Max Vert Reach,Bench,Agility,Sprint,Rank,Drafted
A.J. English,2016,74,75,182,82,98.5,5.3,8.75,8.5,29.5,128,35.5,134,NA,12.27,3.28,NA,No
A.J. Price,2009,72.5,74,193,75.75,97,12.4,0,0,26,123,31,128,11,10.99,3.22,NA,52
Aaron Craft,2014,72.75,73.75,192,74,94.5,6.1,7.75,8.5,29,123.5,32,126.5,NA,10.78,3.26,NA,No
Aaron Gordon,2014,79.5,80.75,220,83.75,105,5.1,8.75,10.5,32.5,137.5,39,144,NA,10.81,3.27,NA,4
Aaron Harrison,2015,76.5,78,209,80.25,100.5,6,8.3,10,28.5,129,34.5,135,1,NA,3.27,NA,No
Aaron White,2015,79.75,80.75,220,83.5,106.5,8,8.25,9.25,30,136.5,35,141.5,7,11.62,3.38,NA,49
Adonis Thomas,2013,76.75,77.75,232,85,99,7.5,9.25,9.5,34.5,133.5,40.5,139.5,13,11.66,3.32,NA,No
Adreian Payne,2014,81,81.75,239,88,109,7.6,9.25,9.5,NA,NA,NA,NA,NA,NA,NA,NA,15
Alan Williams,2015,79.25,80.25,261,85.75,106.5,12,8.5,9.5,25.5,132,28.5,135,8,12.07,3.5,NA,No
Alec Brown,2014,84.25,85.25,231,85.5,109,7.7,9.25,8.75,27,136,30,139,NA,12.05,3.48,NA,50
Alec Burks,2011,77,78,193,82,103.5,5.1,9,8.25,29,132.5,36,139.5,5,10.96,3.17,NA,12
Alex Kirk,2014,81.25,82.75,252,87.5,109.5,13.6,9.25,10.5,28.5,138,31.5,141,NA,11.2,3.48,NA,No
Alex Len,2013,NA,NA,NA,87.5,NA,6.4,9,10.75,NA,NA,NA,NA,NA,NA,NA,NA,5
Al-Farouq Aminu,2010,79.25,80.5,216,87.25,108.5,8.2,9.5,9.5,27,135.5,33.5,142,13,11.29,3.3,NA,8
Allen Crabbe,2013,77.25,78.25,197,83.25,103.5,4.7,8.25,8.5,30.5,134,36,139.5,10,10.67,3.32,NA,31
Andre Drummond,2012,81.75,83.75,279,90.25,109.5,7.5,9.5,9.5,31.5,141,33.5,143,10,10.83,3.39,NA,9
Andre Roberson,2013,78.25,79,206,83,104.5,7.1,8.75,9.5,30,134.5,36.5,141,10,11.36,3.34,NA,26
Andrew Goudelock,2011,73.25,74.75,198,76.25,96.5,9.9,8.25,9.25,32.5,129,37,133.5,4,10.33,3.1,NA,46
Andrew Harrison,2015,76.5,77.5,213,81,100,5.9,8.25,9.25,26.5,126.5,33,133,NA,11.16,3.34,NA,44
Andrew Nicholson,2012,80.5,81.5,234,88,107,7.6,10,10.75,28.5,135.5,30.5,137.5,10,11.89,3.67,NA,19
Andy Katz,2014,NA,NA,NA,NA,NA,NA,NA,NA,20.5,NA,25,NA,NA,14.6,3.7,NA,No
Andy Rautins,2010,76.25,77,192,79,100,6.2,8,9.75,23.5,123.5,30.5,130.5,8,11.27,3.49,NA,38
Anthony Brown,2015,77.25,80.5,211,83.25,104.5,6.1,8.5,9,27.5,132,34.5,139,4,11.06,3.18,NA,34
Anthony Davis,2012,81.25,82.5,222,89.5,108,7.9,9,8.5,NA,NA,NA,NA,NA,NA,NA,NA,1
Archie Goodwin,2013,75.75,77.25,189,81.5,102,4.6,8.5,9,30,132,36,138,1,10.75,3.27,NA,29
Armon Johnson,2010,74,75.25,195,80,99.5,5.6,8.25,9.25,31.5,131,38.5,138,18,11.25,3.19,NA,34
Arnett Moultrie,2012,81.5,82.75,233,86.25,106.5,7.7,9.25,9.25,33.5,140,37.5,144,10,11.32,3.22,NA,27
Artsiom Parakhouski,2010,82.25,83.75,268,85,109.5,6,9,10.5,25.5,135,26.5,136,16,12.07,3.33,NA,36
Austin Daye,2009,81.75,82.75,192,86.75,110,5.5,0,0,25,135,28,138,,12.11,3.55,NA,15
Austin Rivers,2012,75.5,77,203,79.25,96.5,6.2,8.5,10,32.5,129,37.5,134,1,11.54,3.32,NA,10
Avery Bradley,2010,74,75.25,180,79.25,98.5,4,8.25,9.5,31.5,130,37.5,136,2,11.47,3.14,NA,19
B.J. Mullens,2009,83.75,85.25,258,85.5,111,8.5,0,0,28.5,139.5,32.5,143.5,10,11.1,3.45,NA,24
B.J. Young,2013,74.25,75.5,179,80.25,99,4.7,8.5,9.5,NA,NA,NA,NA,NA,NA,NA,NA,No
Ben Bentil,2016,79.25,80.25,229,85.5,105,9.7,9.5,10,29,134,33,138,NA,11.16,3.3,NA,No
Ben McLemore,2013,75.5,76.75,189,79.75,100.5,5,8.75,9.5,32.5,133,42,142.5,6,11.87,3.27,NA,7
Bernard James,2012,80.75,82,230,87,108.5,5,9,9.25,30,138.5,32.5,141,6,11.84,3.4,NA,33
Blake Griffin,2009,80.5,82,248,83.25,105,8.2,0,0,32,137,35.5,140.5,22,10.95,3.28,NA,1
Bobby Portis,2015,81.5,82.5,246,86,108.5,8.9,9.5,9.25,25,133.5,31.5,140,5,11.71,3.56,NA,22
Bradley Beal,2012,75.25,76.75,202,80,100,6,8.5,9,33,133,39,139,8,10.95,3.28,NA,3
Branden Dawson,2015,77.5,78.75,230,83,105,5.8,9,8.75,28.5,133.5,34.5,139.5,12,12.37,3.2,NA,56
Brandon Ashley,2015,79.25,80.5,228,87.25,105,8.8,9,9.5,31.5,136.5,35.5,140.5,9,11.3,3.58,NA,No
Brandon Davies,2013,80.5,82.25,242,85.5,108.5,8.6,9,11,26,134.5,31.5,140,7,11.22,3.5,NA,No
Brandon Knight,2011,73.5,75.25,177,78.75,98.5,4.2,8.25,9.5,29,127.5,37.5,136,10,10.74,3.07,NA,8
Brandon Paul,2013,74.75,76,201,82.25,98,5.3,8.5,9.5,33.5,131.5,39.5,137.5,15,11.16,3.37,NA,No
Brice Johnson,2016,81,82.5,209,84.5,106.5,7.5,9,8.25,33.5,140,38,144.5,NA,11.88,3.2,NA,No
Buddy Hield,2016,75.75,77,212,81.25,101,6.1,8.5,9,NA,NA,NA,NA,NA,NA,NA,NA,No
C.J. Fair,2014,78.5,80,218,81.5,104,5.1,9,9,27,131,35,139,NA,11,3.32,NA,No
C.J. Leslie,2013,79.5,80.75,209,86.25,104.5,8,8.75,9,32.5,137,40.5,145,NA,10.19,3.1,NA,No
C.J. Wilcox,2014,75.5,77,201,81.75,100.5,6.5,8.75,9,31,131.5,37.5,138,NA,11.3,3.22,NA,28
Caleb Swanigan,2016,79.5,80.5,247,87.5,107,12.6,9,10.25,26,133,29,136,NA,12.8,NA,NA,No
Cameron Bairstow,2014,80.75,81.75,252,84.75,107,8.7,8.75,9,31,138,33.5,140.5,NA,11.39,3.37,NA,49
Cameron Payne,2015,72.75,73.5,183,79.25,97.5,6.3,8.5,8.25,30,127.5,35.5,133,,10.89,3.28,NA,14
Caris LeVert,2016,77.75,79,191,82,101,7.6,8.5,9.25,NA,NA,NA,NA,NA,NA,NA,NA,No
Carrick Felix,2013,76.75,78.25,203,81.25,103.5,3.3,8.5,9.5,32,135.5,38.5,142,15,11.16,3.25,NA,33
Cat Barber,2016,73.5,74.75,173,77.5,95.5,4.5,8,8.5,NA,NA,NA,NA,NA,NA,NA,NA,No
Chandler Parsons,2011,80.75,81.75,221,81.5,104.5,7,8.25,10,25.5,130,31.5,136,4,11.05,3.29,NA,38
Charles Garcia,2010,80.25,81.25,232,85.75,107.5,7,8.75,9,24.5,132,30.5,138,2,11.65,3.23,NA,47
Charles Jenkins,2011,73.5,75.25,216,79.5,96.5,4.3,8.5,9,29.5,126,34,130.5,16,11.68,3.18,NA,44
Chase Budinger,2009,78.25,79,206,79,101,10,0,0,29.5,130.5,38.5,139.5,10,11.08,3.24,NA,44
Chasson Randle,2015,72.75,73.5,179,79,96.5,4.5,8.5,9.5,33.5,130,39.5,136,6,10.61,3.2,NA,No
Cheick Diallo,2016,79.5,81,219,88.5,107.5,5.6,8.5,9.75,31,138.5,35,142.5,NA,11.24,3.26,NA,No
Chinanu Onuaku,2016,81,82,245,86.75,108.5,8.6,9,8,27.5,136,33.5,142,NA,11.65,3.5,NA,No
Chris McCullough,2015,80.25,81,199,87.25,109,6.2,8.75,8.75,NA,NA,NA,NA,NA,NA,NA,NA,29
Chris Singleton,2011,79.75,81,230,85,103.5,7.4,9.25,10,30.5,134,37.5,141,15,11.33,3.09,NA,18
Chris Walker,2015,80.75,81.25,208,86.75,108,5.1,9,9,30.5,138.5,37,145,6,11.32,3.35,NA,No
Christian Wood,2015,81.25,82.5,216,87.25,111.5,14.7,9.25,10.75,NA,NA,NA,NA,NA,NA,NA,NA,No
CJ McCollum,2013,74.25,75.25,197,78.25,96.5,8.6,8,9.5,32,128.5,38.5,135,13,11.02,3.32,NA,10
Cleanthony Early,2014,78,79.25,209,82.75,101.5,4.5,8.5,9,34,135.5,40,141.5,NA,11.15,3.18,NA,34
Cliff Alexander,2015,79.25,80.5,239,87.5,109.5,5.8,9.5,10.25,NA,NA,NA,NA,NA,NA,NA,NA,No
Cody Zeller,2013,82.75,84.25,230,82.75,106,4.8,8.5,10.5,35.5,141.5,37.5,143.5,17,10.82,3.15,NA,4
Cole Aldrich,2010,81,83.25,236,88.75,111.5,8.5,9,9.25,23,134.5,28,139.5,10,11.48,3.35,NA,11
Colton Iverson,2013,82.5,84,263,86,110,9.6,9.25,9.5,NA,NA,NA,NA,12,NA,NA,NA,53
Corey Hawkins,2015,72.75,73.75,192,80,99.5,5.5,8.3,9,28.5,128,34,133.5,9,10.97,3.51,NA,No
Cory Jefferson,2014,79.75,81,218,84.5,105,5.3,8.75,9.75,33,138,37.5,142.5,NA,12.63,3.36,NA,60
Cory Joseph,2011,74,75.25,186,77.5,99,9.7,8.5,10.5,27.5,126.5,35,134,5,10.75,3.27,NA,29
Craig Brackins,2010,80.5,81.75,229,84,109,7.9,9.5,11.25,26,135,35,144,6,11.65,3.39,NA,21
DaJuan Summers,2009,79.25,80.5,243,84.75,106.5,6.6,0,0,29.5,136,34.5,141,15,10.94,3.17,NA,35
Dakari Johnson,2015,83,83.75,265,86,112,14.9,9.25,10.5,22.5,134.5,25,137,4,11.5,3.62,NA,48
Damian Jones,2016,82.25,83.5,244,87.75,107,6.6,8.75,10.5,36,143,37,144,NA,11.35,3.2,NA,No
Damian Lillard,2012,73.75,74.75,189,79.75,95.5,5.9,8.75,9.75,34.5,130,39.5,135,13,11.15,3.34,NA,6
Damion James,2010,78.25,79.75,227,84.75,107,9.6,9.25,8.5,29,136,33,140,13,10.89,3.2,NA,24
D'Angelo Russell,2015,75.25,77,193,81.75,102,8.3,8.75,9.75,NA,NA,NA,NA,NA,NA,NA,NA,2
Daniel Hamilton,2016,78.25,80,197,81,103.5,6,9,8.5,26,129.5,29,132.5,NA,11.48,3.4,NA,No
Daniel Orton,2010,80.75,81.5,269,88.25,110.5,13.8,8.5,9.75,24,134.5,30.5,141,13,12.32,3.39,NA,29
Danny Green,2009,77.25,78.5,208,82,103,5.6,0,0,29,132,33,136,15,11.3,3.3,NA,46
Dante Cunningham,2009,79,80.25,227,83,106.5,4.8,0,0,28,134.5,35,141.5,18,11.18,3.26,NA,33
Dante Exum,2014,76.5,78,196,81.5,103,6.4,8.5,9.5,31.5,134.5,34.5,137.5,NA,10.75,3.19,NA,5
Darington Hobson,2010,77.25,78.5,204,81.25,104.5,6.2,8.25,9,29,133.5,34,138.5,NA,11.68,3.25,NA,37
Darius Johnson-Odom,2012,73.5,75,212,79,96,7,8.75,8.75,33.5,129.5,41.5,137.5,17,10.76,3.21,NA,55
Darius Miller,2012,78,79.5,233,81,101,7.5,8.5,8.75,33,134,37,138,14,11.34,3.31,NA,46
Darius Morris,2011,75.25,77.25,190,79.5,102,5.3,8.75,10,24.5,126.5,32,134,12,11,3.2,NA,41
Darren Collison,2009,72.25,73.5,166,75,96.5,5.7,0,0,30.5,127,33.5,130,9,10.45,3.1,NA,21
David Lighty,2011,76.75,78.5,216,80,101,6.5,9,10,28.5,129.5,33,134,15,10.81,3.25,NA,55
DeAndre Bembry,2016,76.25,77.75,207,81.25,101,7,8,9.25,32,133,38,139,NA,10.9,3.17,NA,No
DeAndre Daniels,2014,79.25,80.5,196,86,106.5,3.9,9.25,10.5,26.5,133,32,138.5,NA,11.46,3.44,NA,37
DeAndre Kane,2014,74.75,76.5,200,80,99,5,8.25,9,31.5,130.5,35.5,134.5,NA,10.95,3.16,NA,No
DeAndre Liggins,2011,77,78.25,202,83,103.5,5,8.75,10,27,130.5,31,134.5,6,NA,3.33,NA,53
Dedric Lawson,2016,79,80,225,86.5,106.5,11.1,9.5,9.5,22.5,129,28,134.5,NA,12.48,3.65,NA,No
Dejuan Blair,2009,77.25,78.5,277,86,106.5,12,0,0,26,132.5,33,139.5,18,11.5,3.45,NA,37
Delon Wright,2015,76.25,77.5,181,79.5,101.5,6.6,8,8.5,29.5,131,31,132.5,4,11.21,3.29,NA,20
Demar Derozan,2009,77.5,78.5,211,81,102.5,4.9,0,0,29,131.5,38.5,141,5,11.88,3.31,NA,9
DeMarcus Cousins,2010,81.5,82.75,292,89.75,113,16.4,9.25,10,23.5,136.5,27.5,140.5,NA,11.4,3.55,NA,5
Demarre Carroll,2009,78.25,79.75,207,82,105,6.3,0,0,NA,NA,NA,NA,NA,NA,NA,NA,27
Demetri McCamey,2011,73.75,75.25,204,78.25,99.5,6.1,8.5,9,27,126.5,33,132.5,NA,11.55,3.19,NA,52
Demetrius Jackson,2016,72,73.25,194,77.5,93,6.5,8.25,9,37.5,130.5,43.5,136.5,NA,10.81,3.25,NA,No
Dennis Schroeder,2013,73,74,165,79.75,98,4.1,8.75,10.5,30,128,34,132,1,11.09,3.21,NA,17
Denzel Valentine,2016,76,77.75,210,82.75,102,9.2,8.5,9.75,27,129,32,134,NA,10.51,3.46,NA,No
Deonte Burton,2014,72,73.25,193,79,97.5,7.7,8.25,8,29,126.5,39.5,137,NA,11.28,3.28,NA,No
Derrick Brown,2009,79.5,80.5,225,86.5,107.5,8.6,0,0,30.5,138,35.5,143,20,11.26,3.13,NA,40
Derrick Caracter,2010,80.25,81.5,280,84.25,107.25,12.8,9,10.25,25,132.25,30.5,137.75,22,12.78,3.61,NA,58
Derrick Favors,2010,80.75,82.25,245,88,110,6.5,8.75,9.25,31.5,141.5,35.5,145.5,14,11.74,3.25,NA,3
Derrick Williams,2011,79.25,80.75,248,85.5,108,10.8,9,9.75,29,137,34.5,142.5,19,11.03,3.23,NA,2
Deshaun Thomas,2013,77,79,220,82,104,9.1,8,8.75,28.5,132.5,32,136,5,12.94,3.53,NA,58
Devin Booker,2015,76.5,77.75,206,80.25,102.5,8.3,8.75,9,27.5,130,34.5,137,8,10.22,3.28,NA,13
Devin Ebanks,2010,79,80.25,208,84.25,107.5,7.9,8.25,9,23.5,131,32,139.5,6,11.69,3.44,NA,43
Devyn Marble,2014,77,78.5,192,81,102,6.9,8.25,8.5,29,131,35,137,NA,11.32,3.28,NA,56
Dewayne Dedmon,2013,82,83.5,239,88,109,8.4,9,11,28,137,32.5,141.5,8,12.75,3.4,NA,No
Dexter Pittman,2010,81.5,83.5,303,90,111,20.8,10.25,10.5,NA,NA,NA,NA,NA,NA,NA,NA,32
Deyonta Davis,2016,81.25,82.5,237,86.5,108.5,9.7,9,9.25,NA,NA,NA,NA,NA,NA,NA,NA,No
Dez Wells,2015,75,76,209,81.5,100.5,8.1,8.75,9.75,31.5,132,39,139.5,15,10.75,3.2,NA,No
Diamond Stone,2016,81,82.25,254,86.75,108.5,12.9,8.5,7.75,27,135.5,29.5,138,NA,12.02,3.5,NA,No
Dion Waiters,2012,74.5,76,221,79.25,98,8.5,8.5,9.5,NA,NA,NA,NA,NA,NA,NA,NA,4
Dionte Christmas,2009,76.25,77.5,211,81,102.5,7.1,0,0,27,129.5,33.5,136,3,10.83,3.21,NA,59
Dominique Jones,2010,75.25,77,216,81.25,101,5.9,9,10.25,26,127,32.5,133.5,19,10.88,3.31,NA,25
Dorian Finney-Smith,2016,78.5,79.75,213,83.75,105.5,6.5,9,9.75,32.5,138,35.5,141,NA,11.01,3.27,NA,No
Doron Lamb,2012,75.25,76.75,199,78.75,98.5,6.7,8.5,8.75,29,127.5,33.5,132,2,11.12,3.41,NA,42
Doug McDermott,2014,78.25,79.75,218,81.25,103,7.1,8.75,9.75,28.5,131.5,36.5,139.5,NA,11.1,3.29,NA,11
Draymond Green,2012,77.75,79.5,236,85.25,105,11.3,9,9.5,28,133,33,138,9,11.01,3.4,NA,35
Drew Gordon,2012,80,80.75,239,83.5,103.5,9.1,8.5,9.75,29,132.5,34,137.5,10,11.35,3.49,NA,No
Dwight Powell,2014,81.5,83,234,84.5,105,6.2,9,9.25,28.5,133.5,35,140,NA,11.28,3.2,NA,45
Earl Clark,2009,80.5,82.25,228,86.5,109.5,5.2,0,0,28.5,138,33,142.5,5,11.17,3.35,NA,14
Ed Davis,2010,81,81.75,227,84,108,10,9.25,10,31,139,36,144,NA,11.7,3.21,NA,13
Ekpe Udoh,2010,80.75,81.75,237,88.5,106.5,8,9.5,8.75,31,137.5,33.5,140,10,11.15,3.29,NA,6
Elfrid Payton,2014,74.5,75.75,185,80,98.5,5.7,8.75,9,31.5,130,35.5,134,NA,11.06,3.23,NA,10
Elgin Cook,2016,77,78.25,210,82,100.5,6.4,8.5,10.25,NA,NA,NA,NA,NA,NA,NA,NA,No
Enes Kanter,2011,81.75,83.25,259,85.5,109.5,5.9,9.5,10.75,26,135.5,32.5,142,14,11.3,3.26,NA,3
Eric Bledsoe,2010,72.25,73.5,192,79.5,98,5.6,8.5,9.75,NA,NA,NA,NA,9,NA,NA,NA,18
Eric Maynor,2009,74.25,75.25,164,74.5,97,5.4,0,0,28.5,125.5,31.5,128.5,8,10.78,3.19,NA,20
Erick Green,2013,73.5,75,178,77.75,98,4.4,8.5,9,NA,NA,NA,NA,5,NA,NA,NA,46
Erik Murphy,2013,80.75,81.5,240,82.5,108,8,8.75,9.75,24.5,132.5,29.5,137.5,13,12.19,3.57,NA,49
E'Twaun Moore,2011,74.5,76,191,81.5,99.5,7.6,9,10,32,131.5,34.5,134,NA,11.12,3.31,NA,55
Evan Turner,2010,77.75,79,214,80,103.5,8.6,8.75,9.5,27.5,131,34.5,138,9,11.06,3.27,NA,2
Fab Melo,2012,82.75,84,255,86.5,110,9.2,9,10,29.5,139.5,31,141,9,12.14,3.44,NA,22
Festus Ezeli,2012,81.75,83.5,264,89.75,108,5.5,9,10.75,34,142,33.5,141.5,18,12.35,3.29,NA,30
Frank Kaminsky,2015,83.75,84.75,231,83,109.5,9.4,8.5,9.5,NA,NA,NA,NA,NA,NA,NA,NA,9
Gani Lawal,2010,79.5,81,233,84,107.5,6.3,8.5,10,27,134.5,31.5,139,20,11.61,3.24,NA,46
Gary Harris,2014,74.5,76.5,205,78.75,96,4.6,8.5,9.5,NA,NA,NA,NA,NA,NA,NA,NA,19
Gary Payton II,2016,74,75,184,80,99.5,4,8.75,9.5,31.5,131,38.5,138,NA,11.57,3.23,NA,No
George Lucas,2015,76.5,77.5,197,84,104,6.7,9.5,10,28,132,34,138,6,11.38,3.45,NA,No
Georges Niang,2016,78.75,80.5,231,82,103,10.1,9.25,9.25,25,128,31,134,NA,11.64,3.49,NA,No
Gerald Henderson,2009,76,77,215,82.25,102.5,4.4,0,0,31.5,134,35,137.5,8,11.17,3.14,NA,12
Glen Rice,2013,76.5,77.75,211,81.25,101.5,8.5,8.5,9,33,134.5,40.5,142,10,10.99,3.25,NA,35
Glenn Robinson,2014,77.5,78.75,211,82,100.5,5.1,9,9.5,36.5,137,41.5,142,NA,11.22,3.15,NA,40
Gordon Hayward,2010,78.75,80,211,79.75,103,6.9,8.5,9.25,30.5,133.5,34.5,137.5,10,11.73,3.22,NA,9
Gorgui Dieng,2013,81.75,82.75,230,87.5,111.5,5.4,9,10,NA,NA,NA,NA,NA,NA,NA,NA,21
Grant Jerrett,2013,80.75,82.25,232,86,109,10.1,8.5,9.25,28.5,137.5,34,143,2,11.85,3.51,NA,40
Greg Monroe,2010,81.75,83,247,86.25,108.5,11.2,8.75,9.5,25,133.5,29,137.5,15,12.1,3.35,NA,7
Gregory Smith,2011,80,81.25,253,86.5,106.5,7.4,9.75,12,29.5,136,36,142.5,17,12.43,3.36,NA,59
Greivis Vasquez,2010,77,78.5,211,79,101,8.6,7.75,9.25,NA,NA,NA,NA,NA,NA,NA,NA,28
Harrison Barnes,2012,79,80,228,83.25,101.5,9.6,9,8.5,38,139.5,39.5,141,15,10.93,3.16,NA,7
Hasheem Thabeet,2009,85.25,86.5,267,90.25,113,6.7,0,0,NA,NA,NA,NA,NA,NA,NA,NA,2
Hassan Whiteside,2010,82.5,83.5,227,91,113,5.5,8.25,10.25,27,140,31.5,144.5,12,11.83,3.54,NA,33
Henry Ellenson,2016,82,83.5,242,86.25,108,11.2,8.5,9.75,NA,NA,NA,NA,NA,NA,NA,NA,No
Henry Sims,2012,82,83.75,241,88,108,7.7,9.25,10,26.5,134.5,29.5,137.5,7,12.33,3.44,NA,No
Hollis Thompson,2012,78.75,80,206,81.5,102.5,6,8.25,9.75,28.5,131,36.5,139,6,11.72,3.38,NA,No
Iman Shumpert,2011,76.25,77.5,222,81.5,99.5,6.5,9,9,36.5,136,42,141.5,18,11.1,3.18,NA,17
Isaiah Austin,2014,83.5,84.5,220,88.5,112.5,7.5,8.75,8.75,26.5,139,29.5,142,NA,11,3.55,NA,No
Isaiah Canaan,2013,71,72,188,76.5,94.5,5.9,8.25,9.5,33,127.5,40.5,135,16,10.98,3.22,NA,34
Isaiah Cousins,2016,75.25,76.5,194,78.25,98.5,4.8,8.25,8.75,30.5,129,37,135.5,NA,10.79,3.24,NA,No
Isaiah Miles,2016,78.75,79.75,220,82.5,105,9.6,9,9.5,24,129,31.5,136.5,NA,11.76,3.39,NA,No
Isaiah Thomas,2011,68.75,70.25,186,73.75,91.5,6.7,8.25,9,31.5,123,40,131.5,13,10.49,3.14,NA,60
Isaiah Whitehead,2016,75.25,76.5,210,80.75,100,9.3,8.5,8.75,27.5,127.5,35.5,135.5,NA,11.65,3.34,NA,No
J.P. Tokoto,2015,77.25,78.25,196,82,100.5,4.1,8,8.75,34.5,135,40,140.5,12,11.01,3.27,NA,58
Jabari Brown,2014,75,76.25,202,80.25,100,6.1,9,9.25,28,128,32,132,NA,11.6,3.5,NA,No
Jack McClinton,2009,71.75,72.75,185,74.5,96,6.2,0,0,30,126,36.5,132.5,13,10.44,3.21,NA,51
Jackie Carmichael,2013,79.5,81,241,85.5,107,5.8,9,10.25,30,137,32,139,13,11.83,3.35,NA,No
Jae Crowder,2012,76.75,78.5,241,81.25,99.5,9,9.5,10.5,31,130.5,34.5,134,20,11.45,3.37,NA,34
Jahii Carson,2014,69.75,71,180,74,93,6.5,7.5,8.75,33.5,126.5,43.5,136.5,NA,11.26,3.24,NA,No
JaJuan Johnson,2011,81,82,220,86,107.5,7.5,9,10,33.5,141,38,145.5,15,11.21,3.14,NA,27
Jake Layman,2016,80,81.25,209,81.25,102,7.1,8.25,9.25,33,135,39.5,141.5,NA,11.35,3.24,NA,No
Jakob Poeltl,2016,84.25,85,239,86.75,111.5,5.8,9.25,10.25,NA,NA,NA,NA,NA,NA,NA,NA,No
Jamaal Franklin,2013,76,77.25,191,83.25,103.5,8.3,8.5,8.25,NA,NA,NA,NA,NA,NA,NA,NA,41
James Anderson,2010,76.75,77.75,208,80.5,104,7.9,9,7,30,134,35.5,139.5,14,11.86,3.19,NA,20
James Ennis,2013,77.75,79,201,83.5,104.5,4.5,8.5,8.75,29.5,134,36.5,141,7,11.55,3.4,NA,50
James Fredette,2011,72.75,74.5,196,76.5,96.5,7.7,8,8.5,28,124.5,33,129.5,14,10.42,3.21,NA,10
James Harden,2009,76,77.25,222,82.75,103.5,10.1,0,0,31.5,135,37,140.5,17,11.1,3.13,NA,3
James Johnson,2009,79,79.75,257,84.75,105.5,12,0,0,30.5,136,35,140.5,18,11.21,3.23,NA,16
James McAdoo,2014,79.5,80.75,228,86.25,106.5,6.2,9.25,9,29.5,136,34,140.5,NA,11.61,3.28,NA,No
James Southerland,2013,79,80,221,85,106,8.1,8,9.5,29,135,32,138,5,10.9,3.38,NA,No
James Young,2014,77.25,78.75,213,84,104,5.1,9,9.5,28,132,35.5,139.5,NA,NA,NA,NA,17
Jamie Skeen,2011,78.5,80,242,85.25,106.5,9.8,8.5,8.5,26,132.5,30.5,137,10,12.43,3.46,NA,No
JaMychal Green,2012,80,81,217,86.25,106.5,9.8,9.25,9.25,29.5,136,32.5,139,19,10.63,3.38,NA,No
Jared Cunningham,2012,75.5,77,188,78.5,98,3.6,8.25,9,NA,NA,NA,NA,4,NA,NA,NA,24
Jared Sullinger,2012,79.75,81,268,85.25,105.5,10.7,9.25,9.75,29.5,135,31,136.5,9,12.77,3.81,NA,21
Jarell Martin,2015,80,81.25,239,81.75,106.5,10.1,8.25,0,28.5,135,34.5,141,19,11.12,3.27,NA,25
Jarnell Stokes,2014,79,80.5,263,85.25,103.5,8.2,9.75,10.5,31,134.5,36,139.5,NA,11.92,3.26,NA,35
Jaron Blossomgame,2016,78.25,79.25,214,82,102,5.3,8.5,10,35,137,41,143,NA,11.53,3.2,NA,No
Jarrod Uthoff,2016,80.5,81.75,214,83.5,104,6,8.75,9,29,133,34.5,138.5,NA,11.52,3.5,NA,No
Jarvis Varnado,2010,80.25,82,210,87.5,109.5,9.5,9.25,9.5,29.5,139,32.5,142,3,11.61,3.37,NA,41
Jaylen Brown,2016,77.25,78.75,223,83.75,102.5,5.1,8.75,9,NA,NA,NA,NA,NA,NA,NA,NA,No
J'Covan Brown,2012,73,74.25,202,77.25,96,12.5,7.75,8.25,26,122,29.5,125.5,3,11.68,3.47,NA,No
Jeff Adrien,2009,77.25,78.5,236,86,107.5,7.9,0,0,27.5,135,31.5,139,16,11.34,3.32,NA,No
Jeff Pendergraph,2009,80.75,82,240,85,107,5.5,0,0,31,138,35,142,15,11.98,3.14,NA,31
Jeff Taylor,2012,78,79.25,213,78.25,101.5,4.2,8.25,9.75,33.5,135,40,141.5,15,10.87,3.29,NA,31
Jeff Teague,2009,72.25,73.5,175,79.5,98.5,4.5,0,0,30.5,129,36.5,135,13,11.05,3.18,NA,19
Jeff Withey,2013,82.75,84.5,222,86,110.5,8.7,9,9.75,26.5,137,29,139.5,10,12.49,3.47,NA,39
Jerami Grant,2014,78.5,79.75,214,86.75,107,3.8,9.25,9.25,NA,NA,NA,NA,NA,NA,NA,NA,39
Jerel McNeal,2009,73.5,75,190,79.25,99.5,5.4,0,0,31.5,131,36.5,136,10,10.61,3.25,NA,46
Jereme Richmond,2011,78,79.25,207,82.25,106.5,5.5,8.75,9.5,27,133.5,33.5,140,NA,11.74,3.02,NA,33
Jeremy Lamb,2012,76,77.25,179,83,102,4.5,8.75,9.25,31.5,133.5,38,140,5,10.98,3.25,NA,12
Jeremy Tyler,2011,81,82.5,262,89,110.5,13.4,9.25,9,28,138.5,33.5,144,10,11.26,3.29,NA,39
Jerian Grant,2015,75.25,76.25,198,79.5,100,5.6,8.25,8.5,NA,NA,NA,NA,NA,NA,NA,NA,19
Jermaine Taylor,2009,75.5,76.75,207,80.75,101,5.8,0,0,34,135,37.5,138.5,16,11.54,3.32,NA,32
Jerome Jordan,2010,83.5,84.75,244,89.25,113,6.9,9,10.25,NA,NA,NA,NA,NA,NA,NA,NA,44
Jimmy Butler,2011,78,79.75,222,79.5,101.5,5.4,9,9,32,133.5,39,140.5,14,11.92,3.15,NA,30
Jodie Meeks,2009,75,76,211,76.5,98,8,0,0,28.5,126.5,37,135,14,10.96,3.1,NA,41
Joe Harris,2014,76.75,78.25,215,78,100,6.2,8.5,9.75,28.5,128.5,33.5,133.5,NA,11.11,3.31,NA,33
Joe Ingles,2009,79.75,80.25,209,82.25,105,10.1,0,0,26,131,31,136,3,10.66,3.3,NA,52
Joel Bolomboy,2016,79.5,81,224,85.75,103.5,5.2,9,10.25,37.5,141,40.5,144,NA,10.26,3.17,NA,No
John Henson,2012,81,82.5,216,89,112,8.6,9.25,10,25.5,137.5,30,142,5,NA,NA,NA,14
John Jenkins,2012,75.25,76.25,212,80.5,98,7.1,9,9,30.5,128.5,36.5,134.5,10,11.36,3.37,NA,23
John Wall,2010,74.75,76,196,81.25,101.5,5.6,8.25,9.5,30,131.5,39,140.5,NA,10.84,3.14,NA,1
Johnny Obryant,2014,79.25,80.5,257,86.25,105,10.8,9.25,9.5,31,136,35.5,140.5,NA,11.57,3.45,NA,36
Jon Diebler,2011,77.25,78.5,197,78,99,8.5,8.25,8.25,28,127,35,134,2,10.94,3.37,NA,51
Jon Leuer,2011,82,83.5,223,84,105.5,5.4,8.75,9.75,29.5,135,36.5,142,17,10.82,3.36,NA,40
Jon Scheyer,2010,76.75,78,180,75.25,99,5.4,7.75,9.5,NA,NA,NA,NA,NA,NA,NA,NA,No
Jonathan Holmes,2015,80.25,81.25,242,83.5,107.5,7.2,8.25,9.5,25.5,133,31,138.5,NA,10.97,3.51,NA,No
Jonny Flynn,2009,71.25,72.75,196,76,95.5,6.3,0,0,33,128.5,40,135.5,10,10.86,3.23,NA,6
Jordan Adams,2014,75.5,76.75,209,82,102,10.8,8.5,7.5,24.5,126.5,29.5,131.5,NA,12.13,3.5,NA,22
Jordan Bachynski,2014,85.25,86,254,88,108.5,7.5,9.25,10,29,137.5,33,141.5,NA,12.15,3.36,NA,No
Jordan Clarkson,2014,75.25,77,186,80,98,4.3,8.25,9,33,131,38.5,136.5,NA,10.76,3.28,NA,46
Jordan Crawford,2010,75,76.5,198,79,101,4.9,8,9,31.5,132.5,34.5,135.5,7,11.03,3.37,NA,27
Jordan Hamilton,2011,78.75,80.5,228,81.5,104,9.8,9,9.25,25,129,32,136,7,11.47,3.3,NA,26
Jordan Hill,2009,81.25,82.25,232,85.5,108,6,0,0,31,139,35,143,11,12.23,3.3,NA,8
Jordan McRae,2014,75.75,77.25,179,84.5,104,5.2,8.75,8.5,27.5,131.5,34.5,138.5,NA,11.07,3.39,NA,58
Jordan Mickey,2015,79,80.25,238,87.25,106,7.2,8.75,9.5,33,139,37.5,143.5,9,11.8,3.28,NA,33
Jordan Taylor,2012,73,74,193,75,92.5,5.5,8.25,9.5,33,125.5,36.5,129,14,10.57,3.19,NA,No
Jordan Williams,2011,79.75,81,247,84.25,106.5,12.1,9.25,10,25,131.5,30.5,137,10,12.74,3.45,NA,36
Joseph Young,2015,72.75,74,182,77,94.5,4.1,8.25,7.5,34.5,129,40.5,135,9,10.74,3.25,NA,43
Josh Hart,2016,76,77.5,204,80.5,99.5,5.8,8.5,9.25,29.5,129,38.5,138,NA,11.15,3.2,NA,No
Josh Heytvelt,2009,82,83,246,85.25,108,10.8,0,0,28.5,136.5,34,142,15,11.67,3.38,NA,50
Josh Selby,2011,73.75,75,195,77.25,98,7.9,8.5,9,29.5,127.5,42,140,5,11.13,3.2,NA,49
Jrue Holiday,2009,75.25,76.25,199,79,100.5,6.3,0,0,28.5,129,34,134.5,6,10.64,3.21,NA,17
Julius Randle,2014,79.75,81,250,84,105.5,9.4,8.75,8.25,29,134.5,35.5,141,NA,11.45,3.27,NA,7
Justin Anderson,2015,77.25,78.25,231,83.75,101,5,8.5,9.5,38,139,43,144,12,11.1,3.22,NA,21
Justin Harper,2011,80,80.75,228,83.75,106,4,9,9.25,28.5,134.5,33,139,19,11.92,3.3,NA,32
Justin Jackson,2016,79,80.25,193,82.75,103.5,7.6,8.75,8.75,29.5,133,34.5,138,NA,11.32,3.26,NA,No
Justise Winslow,2015,76.5,78.5,222,82.25,104.5,5.3,8.5,9.25,NA,NA,NA,NA,NA,NA,NA,NA,10
K.J. McDaniels,2014,76.5,78,196,83.25,102,4.5,8.75,9.75,33,135,37,139,NA,12.71,3.1,NA,32
Kawhi Leonard,2011,78,79,227,87,106,5.4,9.75,11.25,25.5,131.5,32,138,3,11.45,3.15,NA,15
Kay Felder,2016,68.25,69.5,177,74.5,88.5,5.8,8.25,8.5,35.5,124,44,132.5,NA,11.52,3.15,NA,No
Keifer Sykes,2015,70.5,71.75,167,74,93,5,8.5,9.5,34,127,43,136,8,10.5,3.13,NA,No
Keith Benson,2011,82,83,217,87.75,109.5,6.1,9.5,11,31.5,141,36,145.5,12,11.88,3.35,NA,48
Keith Gallon,2010,80.5,81.5,302,88.5,109.5,15.1,9.25,10.5,23.5,133,28.5,138,14,13.44,3.7,NA,47
Kelly Olynyk,2013,82.75,84,234,81.75,108,6.7,8.5,10,24.5,132.5,29.5,137.5,5,11.42,3.59,NA,13
Kelly Oubre,2015,77.75,78.75,203,86.25,102.5,5.7,9,8.75,34.5,137,37,139.5,7,11.1,3.32,NA,15
Kemba Walker,2011,71.5,73,184,75.5,91.5,5.9,8,9,32,123.5,39.5,131,7,10.87,3.16,NA,9
Kendall Marshall,2012,75.25,76.25,198,77.5,96,7.8,8.5,9,31,127,37,133,NA,12.03,3.23,NA,13
Kendall Williams,2014,74.25,75.75,183,77.5,99,7.2,8,7.75,27,126,33,132,NA,10.83,NA,NA,No
Kenneth Faried,2011,78,79.5,225,84,108,6.3,8.5,10.25,30.5,138.5,35,143,16,11.35,3.26,NA,22
Kenny Kadji,2013,80.75,82,242,87,106.5,7.5,9,10.25,34,140.5,38,144.5,9,11.47,3.44,NA,No
Kentavious Caldwell-Pope,2013,76.5,77.5,204,80,100.5,6.5,8.5,9,29,129.5,34.5,135,7,10.6,3.12,NA,8
Kevin Jones,2012,78.25,79.5,251,85.5,105,11.2,9,7.75,27.5,132.5,32.5,137.5,17,11.94,3.6,NA,No
Kevin Murphy,2012,77,78.25,194,78.75,99,5.8,8.5,8.5,31,130,36.5,135.5,11,10.97,3.42,NA,47
Kevon Looney,2015,80,81.25,222,87.5,110,11.9,9.5,9.25,NA,NA,NA,NA,NA,NA,NA,NA,30
Khem Birch,2014,79.5,81.25,209,85,107,6,9,8.5,30.5,137.5,35.5,142.5,NA,11.6,3.26,NA,No
Khris Middleton,2012,78.75,80.25,216,82.75,103,7.8,9,9,28,131,31,134,4,11.45,3.47,NA,39
Kim English,2012,76.5,77.75,192,78.5,98,4.3,8.5,8.75,29,127,36.5,134.5,NA,10.59,3.33,NA,44
Klay Thompson,2011,77.75,79.25,206,81,103.5,8,8.75,9.25,26.5,130,31.5,135,5,10.99,3.24,NA,11
Kris Dunn,2016,75,76.25,,81.5,100,0,0,0,NA,NA,NA,NA,NA,NA,NA,NA,No
Kris Joseph,2012,78,79,215,83,104,8.6,9,9,28.5,132.5,35,139,6,NA,3.46,NA,51
Kyle Anderson,2014,79.5,80.5,230,86.75,107.5,13.4,8.25,8.75,NA,NA,NA,NA,NA,NA,NA,NA,30
Kyle O'Quinn,2012,80.5,82,241,88.75,106.5,8,9.5,10,31.5,138,31.5,138,,11.65,3.53,NA,49
Kyle Singler,2011,79.5,80.5,228,82.1,106,10,8.25,8.75,23,129,30,136,10,11.22,3.21,NA,33
Kyle Wiltjer,2016,80.75,82,243,84.25,102.5,15.3,8.25,9.5,28.5,131,35.5,138,NA,11.35,3.48,NA,No
LaceDarius Dunn,2011,75,76,188,78.25,101,5.5,9,10.25,26.5,127.5,31,132,3,11.45,3.27,NA,No
Lamar Patterson,2014,76,77.25,226,83,101,10.8,9,9.25,27.5,128.5,32.5,133.5,NA,11.63,3.45,NA,48
Lance Stephenson,2010,76.5,77.75,227,82.5,103,9.3,9,10.25,27,130,33,136,10,11.39,3.38,NA,40
LaQuinton Ross,2014,78.5,79.5,239,85.75,106,16.3,8.75,9.75,25,131,31,137,NA,11.97,3.44,NA,No
Larry Nance,2015,79.5,80.5,227,85.5,108,6.4,9,9.75,29,137,37.5,145.5,10,10.89,3.25,NA,27
Larry Sanders,2010,81.25,82.5,222,89.75,112,4.6,9.75,11,25.5,137.5,28,140,7,12.49,3.27,NA,15
Lazar Hayward,2010,76.5,77.75,226,84.75,102,7.5,9.25,9.5,31,133,36,138,15,10.87,3.31,NA,30
Lorenzo Brown,2013,76,77.25,189,79,100,4,8.25,8.5,28,128,34,134,8,11.78,3.4,NA,52
Luke Babbitt,2010,79.5,80.75,218,83.25,104.5,5.6,8.5,10,29.5,134,37.5,142,15,10.98,3.4,NA,16
Luke Harangody,2010,78,79.75,240,81.5,106,11.1,8.75,9.75,24,130,28.5,134.5,23,11.83,3.41,NA,52
Malachi Richardson,2016,76.75,78.25,200,84,101.5,7,8.75,10,33,134.5,38,139.5,NA,10.56,3.33,NA,No
Malcolm Brogdon,2016,75.75,77.5,223,82.5,98,5.4,9,10.25,30.5,128.5,35.5,133.5,NA,10.77,3.31,NA,No
Malcolm Lee,2011,76,77.5,198,81.75,101.5,5.9,8.5,9.5,30,131.5,35.5,137,17,11.2,3.09,NA,43
Malcolm Thomas,2011,79.5,80.75,223,84.5,107.5,5.9,9.5,10.5,32,139.5,36.5,144,5,11.31,3.29,NA,57
Malik Beasley,2016,75.5,76.5,190,79,100.5,6.9,8.5,9,NA,NA,NA,NA,NA,NA,NA,NA,No
Malik Newman,2016,74.25,75.5,182,77.75,97.5,5.6,8.25,9.25,30,127.5,35.5,133,NA,10.88,3.28,NA,No
Manny Harris,2010,76,77.5,185,79.25,102,3.8,8.5,9,NA,NA,NA,NA,11,NA,NA,NA,No
Marcus Denmon,2012,74.25,75.25,188,77,94.5,6.6,8.25,9.75,33.5,128,40,134.5,8,10.82,3.19,NA,59
Marcus Lee,2016,81,82.25,211,87,107.5,5.4,9,9,28.5,136,35.5,143,NA,11.68,3.25,NA,No
Marcus Morris,2011,79,80.75,230,82,105.5,8,8.25,8.5,29,134.5,33,138.5,11,NA,3.15,NA,14
Marcus Paige,2016,72.5,73.75,164,78.25,97,4.3,7.75,8.75,33.5,130.5,39.5,136.5,NA,10.82,3.15,NA,No
Marcus Smart,2014,74,75.25,227,81.25,99,10.6,9,8.75,33,132,36,135,NA,10.82,3.26,NA,6
Marcus Thornton,2009,74.75,75.75,194,77,99,4.8,0,0,31,130,33,132,14,10.73,3.28,NA,43
Markel Brown,2014,74.5,75.5,184,80.75,100,4.2,8.25,9.75,36.5,136.5,43.5,143.5,NA,12.62,3.18,NA,44
Markieff Morris,2011,79.75,81.25,241,82.75,106.5,10.2,8.5,8.25,27,133.5,31.5,138,11,NA,3.4,NA,13
Marquese Chriss,2016,80.75,82,233,84.25,105,8.5,9,9,32.5,137.5,38.5,143.5,NA,11.93,3.26,NA,No
Marquis Teague,2012,73,74,180,79.25,96.5,6.3,8.25,7.75,32.5,129,40.5,137,8,10.65,3.19,NA,29
Marshon Brooks,2011,76.25,77.25,195,85,101,5.2,9,10.5,34,135,38.5,139.5,5,10.74,3.09,NA,25
Mason Plumlee,2013,83.25,84.5,238,83,108,6.2,9.75,9.5,30.5,138.5,36,144,14,10.89,3.29,NA,22
Melo Trimble,2016,73.25,74.5,192,74,92.5,8.4,8,8.75,26.5,119,35.5,128,NA,10.57,3.2,NA,No
Melvin Ejim,2014,77.25,79,219,83.25,103.5,6.5,8.75,9.25,29.5,133,35,138.5,NA,11.55,3.14,NA,No
Meyers Leonard,2012,83.75,85.25,250,87,108,5.7,9.25,11,30,138,32.5,140.5,19,11.34,3.41,NA,11
Michael Carter-Williams,2013,76.75,77.75,184,79.25,101,4.4,7.5,8.5,31.5,132.5,41,142,8,10.68,3.22,NA,11
Michael Dunigan,2011,80.5,82,238,87.25,107.5,8,9,10.75,29.5,137,34.5,142,10,11.85,3.27,NA,58
Michael Frazier,2015,75.75,76.25,199,80,101.5,7.4,8.25,9.25,24,125.5,35,136.5,10,10.8,3.32,NA,No
Michael Gbinije,2016,77.5,78.75,205,79.5,101,5.4,8,9,33.5,134.5,37.5,138.5,NA,11,3.12,NA,No
Michael Kidd-Gilchrist,2012,77.75,79.5,233,84,104.5,7,9,10.25,32,136.5,35.5,140,6,11.77,3.18,NA,2
Michael Qualls,2015,76,77,201,84.25,104.5,4,9,10.25,34,138.5,39.5,144,9,11.88,NA,NA,No
Mike Muscala,2013,82.25,83.5,230,85,108,6.8,8.5,9,28,136,33.5,141.5,5,11.76,3.44,NA,44
Mike Scott,2012,79.25,80.75,241,82.75,104,10.6,8.5,9,27,131,32.5,136.5,14,11.59,3.44,NA,43
Mikhail Torrance,2010,76,77,209,79.5,103,7,8.75,9.5,23,126,32,135,8,11.43,3.17,NA,52
Mikhail Torrance,2010,76,NA,207,78.75,101.75,NA,8.75,9.5,23,124.75,32,133.75,8,11.43,3.17,NA,52
Miles Plumlee,2012,82.5,83.75,252,84.75,105.5,11.4,9.25,9,34,139.5,40.5,146,15,10.64,3.36,NA,26
Moe Harkless,2012,79.25,80.75,207,84,102.5,5.3,9.25,10.25,32.5,135,37,139.5,5,10.87,3.25,NA,15
Montrezl Harrell,2015,79,79.5,253,88.25,109,11.9,9,9.75,NA,NA,NA,NA,NA,NA,NA,NA,32
Mouhammadou Jaiteh,2015,81.5,82.5,247,87.25,110.5,9.9,9,9.25,24.5,135,31.5,142,7,12.05,3.38,NA,No
Myck Kabongo,2013,73.25,74.75,180,78.25,98,6,8.25,9,27.5,125.5,33.5,131.5,2,10.64,3.34,NA,No
Myles Turner,2015,81.75,83.5,239,88,112,9.3,9.25,9.25,NA,NA,NA,NA,NA,NA,NA,NA,11
Nate Wolters,2013,75.5,76.75,196,75.75,98,5.5,8.25,8.75,NA,NA,NA,NA,8,NA,NA,NA,38
Nerlens Noel,2013,82,83.75,206,87.75,110,4.2,9.5,10,NA,NA,NA,NA,NA,NA,NA,NA,6
Nick Johnson,2014,73.5,75,198,79.25,96.5,6.1,8.75,9.75,33.5,130,41.5,138,NA,10.8,3.27,NA,42
Nigel Hayes,2016,78.25,79.25,245,87,107.5,10.9,8.5,9.5,25.5,133,28.5,136,NA,12.11,3.2,NA,No
Nik Stauskas,2014,77.25,78.5,207,79.75,102,12.1,8.5,8.5,29,131,35.5,137.5,NA,10.79,3.27,NA,8
Nikola Vucevic,2011,82.25,83.75,260,88.5,112.5,6.1,9.25,10.25,23.5,136,25,137.5,8,12.02,3.27,NA,16
Noah Vonleh,2014,80,81.5,247,88.25,108,7.3,9.75,11.75,31,139,37,145,NA,11.45,3.28,NA,9
Nolan Smith,2011,73.5,75.5,188,77.5,99,5.6,8.5,9.25,28.5,127.5,34,133,9,11.05,3.17,NA,21
Norman Powell,2015,75,76.25,215,82.75,102.5,6.4,9.25,9,32.5,135,40.5,143,5,10.76,3.2,NA,46
Norris Cole,2011,72.25,73.75,174,74.25,95.5,4.7,8.5,9.5,29.5,125,38.5,134,11,10.07,3.22,NA,28
Norvel Pelle,2013,81.5,82.5,207,86.5,109,5.2,8.75,9.5,31,140,34.5,143.5,,11.49,3.32,NA,No
Olivier Hanlan,2015,75.25,76.25,186,78.5,100,4.3,8,8.75,28,128,34,134,19,11.36,3.25,NA,42
Omri Casspi,2009,79.75,81.25,211,81.25,106.5,8.6,0,0,25.5,132,32.5,139,2,11.15,3.28,NA,23
Orlando Johnson,2012,75.75,77.25,224,83.25,99,7,9,9.5,32,131,39.5,138.5,13,10.98,3.25,NA,36
Otto Porter,2013,79.5,80.5,198,85.5,105.5,6.7,8.75,9.25,27,132.5,36,141.5,9,11.25,3.4,NA,3
P.J. Hairston,2014,76.25,77.25,229,81,101,8.2,8.75,9.75,32,133,37,138,NA,11.12,3.32,NA,26
Pascal Siakam,2016,80.25,81.5,227,87.25,107.5,5.2,9.25,10,30.5,138,36.5,144,NA,11.25,3.41,NA,No
Pat Connaughton,2015,76,77.25,215,80.75,96,10.2,8.5,9.25,37.5,133.5,44,140,13,10.74,3.2,NA,41
Patric Young,2014,80.5,82,247,85.75,103.5,5.5,9.25,9.5,32,135.5,37.5,141,NA,11.18,3.43,NA,No
Patrick McCaw,2016,77.25,78.75,181,82,100.5,4.7,8.75,8.75,30,130.5,38,138.5,NA,11.01,3.3,NA,No
Patrick Mills,2009,71.25,72.5,175,74,95,6.9,0,0,27.5,122.5,33,128,8,10.87,3.1,NA,55
Patrick Patterson,2010,80,81.25,240,85.25,107,5.3,9.25,10.25,28.5,135.5,33.5,140.5,17,11.14,3.25,NA,14
Paul George,2010,79.75,80.75,214,83.25,107,5,8.5,9,NA,NA,NA,NA,4,NA,NA,NA,10
Perry Ellis,2016,79,80.25,218,82.25,102,4.6,8,8.5,32,134,38,140,NA,10.73,3.13,NA,No
Perry Jones,2012,82.25,83.25,234,85.75,107,4.6,9.25,9.5,33,140,38.5,145.5,11,11.31,3.19,NA,28
Peyton Siva,2013,71.5,73,181,75,93,6.1,8,9.75,33.5,126.5,41.5,134.5,15,10.59,3.16,NA,56
Phil Pressey,2013,69.5,71.5,177,74.25,92,4.7,7.75,9.75,33,125,38.5,130.5,7,10.86,3.13,NA,No
Pierre Jackson,2013,69.5,70.5,176,70,90,4.5,7.5,8.25,NA,NA,NA,NA,NA,NA,NA,NA,42
Quincy Acy,2012,78.5,79.75,224,86.75,106.5,7.1,9.5,11,32,138.5,37,143.5,13,10.48,3.28,NA,37
Quincy Miller,2012,80.75,82,219,85.25,105,7.8,9.25,10.25,30.5,135.5,36,141,8,11.05,3.48,NA,38
Quinn Cook,2015,72.25,74,179,76,96.5,6.7,7.5,8.25,24.5,121,31,127.5,14,11.28,3.38,NA,No
R.J. Hunter,2015,76.5,78,185,82.5,104,6,8.5,8.25,27.5,131.5,33.5,137.5,1,10.97,3.26,NA,28
Rakeem Christmas,2015,80.25,81.75,243,89.25,110.5,9.6,9.25,0,29,139.5,NA,NA,9,11.57,3.47,NA,36
Rashad Vaughn,2015,75.75,77,199,79,101,6.2,8,8.5,28,129,34,135,5,11.41,3.21,NA,17
Ray McCallum,2013,72.25,73.75,191,75.25,96.5,7.3,8,8.75,30.5,127,40,136.5,5,10.82,3.25,NA,36
Reggie Bullock,2013,77.75,79,200,80.75,102,7,8.5,9,31,133,36.5,138.5,11,11.33,3.31,NA,25
Richard Howell,2013,78.25,79.5,250,82.25,105.5,8.8,8.75,9.5,NA,NA,NA,NA,NA,NA,NA,NA,No
Richaun Holmes,2015,80.25,81.5,243,85.5,108,8.8,8.5,8.5,32.5,140.5,36,144,15,11.37,3.32,NA,37
Rick Jackson,2011,80.25,81.25,242,86,106.5,8.3,8.75,9.5,28.5,135,33,139.5,9,11.51,3.26,NA,No
Ricky Ledo,2013,76.75,78,197,79.25,102.5,10.3,8.5,9.25,27,129.5,33.5,136,4,10.72,3.32,NA,43
Robbie Hummel,2012,79.25,80.5,218,80.5,102,9.4,8.5,9.5,27.5,129.5,30,132,13,11.56,3.41,NA,58
Robert Carter,2016,78.75,80.5,251,87.25,106.5,12.5,8.75,9.5,24.5,131,30.5,137,NA,11.97,3.65,NA,No
Robert Covington,2013,78.25,79.5,209,85.75,106,4.7,9,8.5,29.5,135.5,36,142,9,11.69,3.34,NA,No
Robert Upshaw,2015,82.75,84,258,89.5,113,12.5,10,11,NA,NA,NA,NA,NA,NA,NA,NA,No
Rodney Hood,2014,79.25,80.5,208,80.5,103,7.5,8.5,8.5,29,132,36,139,NA,11.21,3.38,NA,23
Rodrigue Beaubois,2009,73.25,74.25,182,81.75,100,7.9,0,0,29.5,129.5,39,139,3,10.49,3.15,NA,25
Ron Baker,2016,75.25,76.25,212,81.75,97.5,7.9,8.75,9.5,30,127.5,35.5,133,NA,10.77,3.45,NA,No
Rondae Hollis-Jefferson,2015,77.5,79,211,86,104,5,8.75,9.75,32,136,38,142,13,10.51,3.12,NA,23
Royce White,2012,79,80,261,84,104.5,10.6,9.5,11.5,NA,NA,NA,NA,NA,NA,NA,NA,16
Rudy Gobert,2013,84.5,86,238,92.5,115,4.4,9.75,10,25,140,29,144,7,12.85,3.57,NA,27
Russ Smith,2014,71.5,72.75,160,75.5,95,3.5,8.25,8.5,29.5,124.5,34,129,NA,11.57,3.27,NA,47
Ryan Boatright,2015,70,71,170,72.5,92.5,6.6,7.5,8.75,32,124.5,41,133.5,10,10.79,3.26,NA,No
Ryan Kelly,2013,81.75,83.75,228,83.5,110,14.8,9,10,NA,NA,NA,NA,NA,NA,NA,NA,48
Ryan Richards,2010,82.5,83.75,230,85.5,110,8,9,9.75,25,135,28.5,138.5,4,11.33,3.37,NA,49
Sam Dekker,2015,79.75,81,219,83.5,106,7.5,8.5,9.25,25.5,131.5,34.5,140.5,5,10.71,3.28,NA,18
Sam Young,2009,77.25,78.75,223,82.75,105.5,4.9,0,0,27.5,133,33,138.5,NA,11.47,3.45,NA,36
Scott Machado,2012,73,74,206,76,94.5,5.8,8.5,9.5,27,121.5,32.5,127,17,11.26,3.3,NA,No
Scotty Hopson,2011,77.75,78.5,205,82.5,103.5,4.8,8.5,10,32.5,136,36,139.5,10,10.47,3.18,NA,55
Sean Kilpatrick,2014,74.5,76.25,219,79,99,9.2,9,9,NA,NA,NA,NA,NA,NA,NA,NA,No
Semaj Christon,2014,73.5,75.25,186,78.5,99,5.3,8.5,8.25,30.5,129.5,36.5,135.5,NA,11.55,3.32,NA,55
Seth Curry,2013,73,75,179,76,97.5,9.6,8,8.25,NA,NA,NA,NA,NA,NA,NA,NA,No
Shabazz Muhammad,2013,76.75,78.25,222,83,104.5,9,9,10,29.5,134,37,141.5,10,10.99,3.32,NA,14
Shabazz Napier,2014,71,73,175,75.25,93,7.4,8.25,8.5,30.5,123.5,37.5,130.5,NA,11.6,3.2,NA,24
Shane Larkin,2013,70.25,71.5,171,70.75,89.5,3.8,7.5,8.75,34.5,124,44,133.5,12,10.64,3.08,NA,18
Sheldon McClellan,2016,77,78.25,198,79,99.5,4.8,8,8,35,134.5,41.5,141,NA,10.45,3.26,NA,No
Shelvin Mack,2011,73,74.5,209,79.5,96.5,7.1,8.25,9.25,32,128.5,39,135.5,17,11.23,3.18,NA,34
Sherron Collins,2010,70.25,71.75,217,74.5,94,9.2,8.5,9.5,27.5,121.5,33,127,NA,12.31,3.24,NA,46
Skal Labissiere,2016,82.5,83.75,216,86.5,105.5,5.7,8.75,9,NA,NA,NA,NA,NA,NA,NA,NA,No
Solomon Alabi,2010,83.5,84.75,237,89,113,5,9.25,9.25,22.5,135.5,26,139,10,13.2,3.68,NA,50
Solomon Hill,2013,77.5,79,226,81,103,7.6,9,10.5,29.5,132.5,37.5,140.5,14,10.77,3.19,NA,23
Spencer Dinwiddie,2014,76.5,78,205,80.25,103,5.4,8.25,9,NA,NA,NA,NA,NA,NA,NA,NA,38
Stanley Johnson,2015,77,78.5,242,83.5,102,7.5,9,9,NA,NA,NA,NA,NA,NA,NA,NA,8
Stanley Robinson,2010,78.5,79.75,213,84,107.5,8.3,9,9,NA,NA,37.5,145,6,11.65,3.23,NA,59
Stephen Curry,2009,74,75.25,181,75.5,97,5.7,0,0,29.5,126.5,35.5,132.5,10,11.07,3.28,NA,7
Stephen Zimmerman,2016,82.25,83.75,234,87.25,108.5,11.2,9,9,26,134.5,31,139.5,NA,12.08,3.43,NA,No
Steven Adams,2013,82.75,84,255,88.5,109.5,6.7,9.5,11,28.5,138,33,142.5,16,11.85,3.4,NA,12
Sylven Landesberg,2010,76.75,78.25,210,81,100.5,11.6,8.75,10.75,28,128.5,32,132.5,8,11.59,3.36,NA,43
T.J. McConnell,2015,72.5,74,188,74,96.5,7.3,7.5,7,26,122.5,31.5,128,7,10.84,3.3,NA,No
T.J. Warren,2014,79,80.25,220,82.25,104,8,8.75,9,27,131,35.5,139.5,NA,11.1,3.26,NA,14
Taj Gibson,2009,80.5,81.75,214,88,109,6.6,0,0,25.5,134.5,30,139,12,11.56,3.41,NA,26
TaShawn Thomas,2015,79.25,80,240,86,108,12.4,9,9.25,26,134,30.5,138.5,9,11.69,3.47,NA,No
Taurean Prince,2016,78.5,79.75,220,83.5,102,6.5,9,8.5,34,136,36,138,NA,10.96,3.24,NA,No
Terran Petteway,2015,76.75,78,209,83.25,104.5,4.9,8.25,8.25,25,129.5,31,135.5,15,10.96,3.32,NA,No
Terrence Jones,2012,80.25,81.5,252,86.25,107,7.7,9,10,29.5,136.5,34.5,141.5,12,11.57,3.4,NA,18
Terrence Ross,2012,78,79,197,79.25,100.5,3.2,8.75,10.25,31,131.5,37.5,138,2,11.78,3.28,NA,8
Terrence Williams,2009,77,78.25,213,81,103.5,5.1,0,0,30.5,134,37,140.5,9,11.15,3.18,NA,11
Terrico White,2010,75.75,77,203,81,101,3.7,9,10.5,31,132,40,141,10,11.38,3.15,NA,36
Terry Rozier,2015,72.75,74.25,190,80.25,98.5,5.6,8.25,8.75,33,131.5,38,136.5,7,10.88,3.15,NA,16
Thanasis Antetokounmpo,2014,77.25,78.25,205,84,104.5,6.1,9,9.75,31.5,136,39.5,144,NA,11.39,3.18,NA,51
Thomas Robinson,2012,79.75,80.75,244,87.25,106,5,9.75,10.5,28.5,134.5,35.5,141.5,15,11.96,3.17,NA,5
Thon Maker,2016,83.75,84.75,216,87,110.5,6.1,8.75,9.5,32,142.5,36.5,147,NA,11.15,3.33,NA,No
Tim Hardaway,2013,76.5,78.25,199,79,101,6.1,8,9.25,31.5,132.5,37.5,138.5,16,10.68,3.25,NA,24
Tobias Harris,2011,78.5,79.75,223,83,103.5,8.4,8.75,9,31.5,135,37.5,141,12,10.96,3.17,NA,19
Tomas Satoransky,2012,78.5,79.5,201,79.25,100,5.2,8.5,9.5,NA,NA,NA,NA,NA,NA,NA,NA,32
Toney Douglas,2009,73,74,183,78,97.5,5.2,0,0,28,125.5,32.5,130,15,10.63,3.03,NA,29
Tony Mitchell,2013,79.5,80.75,236,86.5,106.5,5.6,9,10,33.5,140,38,144.5,13,11.82,3.52,NA,37
Tony Snell,2013,78,79.25,198,83.5,105.5,4.9,9,9.5,30,135.5,36.5,142,7,10.36,3.25,NA,20
Tony Wroten,2012,76.75,78,203,81,101,5.2,8,9,30,131,35.5,136.5,,10.75,3.24,NA,25
Travis Leslie,2011,75,76.25,205,82.5,103,8.1,8.75,9.25,33,136,40.5,143.5,10,11,3.13,NA,47
Treveon Graham,2015,76.75,77.75,219,82.5,103,5.5,8.5,8.25,28.5,131.5,31.5,134.5,11,11.6,3.3,NA,No
Trevor Booker,2010,78.25,79.5,236,81.75,106,7.3,9,9.5,31,137,36,142,22,11.15,3.1,NA,23
Trevor Mbakwe,2013,78.75,80,236,88,106.5,5.9,9.5,11.5,30,136.5,36.5,143,21,12.01,3.32,NA,No
Trey Burke,2013,71.75,73.25,187,77.5,97.5,6.9,8.25,8.75,29.5,127,36.5,134,3,11.2,3.16,NA,9
Trey Lyles,2015,81,82.25,241,85.5,108,12.1,9.25,10.25,NA,NA,NA,NA,NA,NA,NA,NA,12
Trey Thompkins,2011,80.5,81.75,239,85,107.5,15.5,9.25,9.75,27.5,135,30.5,138,15,11.72,3.41,NA,37
Tristan Thompson,2011,79.5,80.75,227,85.25,108.5,6.2,8.75,9.25,30,138.5,35,143.5,9,10.92,3.26,NA,4
Troy Williams,2016,77.75,78.75,218,80.25,102,10,8.25,9.25,30,132,36,138,NA,10.72,3.35,NA,No
Tu Holloway,2012,70.5,71.75,187,77.5,94.5,8.5,8.75,10,28,122.5,35,129.5,12,11,3.42,NA,No
Ty Lawson,2009,71.25,72.5,197,72.75,94.5,6.6,0,0,29,123.5,36.5,131,14,10.98,3.12,NA,18
Tyler Ennis,2014,73,74.5,182,79.25,98,6.2,8.25,8.75,29,127,36,134,NA,11.12,3.3,NA,18
Tyler Hansbrough,2009,80.25,81.5,234,83.5,106,8.5,0,0,27.5,133.5,34,140,18,11.12,3.27,NA,13
Tyler Harvey,2015,74.75,76,181,77.5,98.5,9.2,7.75,8.75,26,124.5,28.5,127,1,10.52,3.44,NA,51
Tyler Honeycutt,2011,78.75,80.25,187,81,105,5.3,8.5,9.5,30,135,37,142,NA,11.68,3.07,NA,35
Tyler Smith,2009,77.25,78,212,81.75,104.5,7,0,0,29,133.5,33.5,138,10,10.69,3.24,NA,No
Tyler Ulis,2016,68.75,70,149,74,88.5,5.2,7.5,7.5,32.5,121,38,126.5,NA,10.8,3.2,NA,No
Tyler Zeller,2012,83.25,84.5,247,84,104.5,6.4,9,9.75,30,134.5,34,138.5,16,11.13,3.4,NA,17
Tyreke Evans,2009,76,77.25,221,83.25,104,7.1,0,0,28.5,132.5,34,138,7,11.81,3.17,NA,4
Tyshawn Taylor,2012,74.75,76,177,78.25,97.5,4.2,8.75,8.75,32,129.5,36.5,134,,11.48,3.2,NA,41
Tyus Jones,2015,72.25,74,185,77,97,6.5,8.25,8.75,26.5,123.5,32.5,129.5,2,11.89,3.32,NA,24
Vander Blue,2013,75.5,77.25,197,78,100.5,4.6,8.5,9.5,28,128.5,37.5,138,4,10.4,3.14,NA,No
Victor Oladipo,2013,75.25,76.25,213,81.25,100.5,6.6,8.75,9.25,33,133.5,42,142.5,15,10.69,3.25,NA,2
Vince Hunter,2015,78.75,79.5,208,83,104.5,4.6,9,8.75,33.5,138,37.5,142,13,11.33,3.26,NA,No
Wade Baldwin,2016,74.5,76,202,83.25,100,5.2,9,9.75,32.5,132.5,38,138,NA,10.45,3.19,NA,No
Wayne Ellington,2009,76.25,77.25,202,78.5,100,5.5,0,0,31.5,131.5,38,138,13,11.14,3.2,NA,28
Wayne Selden,2016,76.25,77.75,232,82.5,101,7.3,9,9.25,NA,NA,NA,NA,NA,NA,NA,NA,No
Wesley Johnson,2010,78.25,79.25,206,85,106,4.6,9,9.5,32,138,37,143,16,11.43,3.14,NA,4
Will Barton,2012,77,78,174,81.75,102.5,4.1,9,9.5,30,132.5,34,136.5,,12.5,3.6,NA,40
Will Clyburn,2013,77.75,79,210,84.25,105,6.9,9.25,10.25,28,133,34.5,139.5,3,11.68,3.38,NA,No
William Buford,2012,76,77,215,81.5,102,11.3,8.75,10,27.5,129.5,32.5,134.5,8,11.4,3.43,NA,No
Willie Cauley-Stein,2015,83.25,84.5,242,87,111,6.3,9.5,9,NA,NA,NA,NA,NA,NA,NA,NA,6
Willie Warren,2010,74.5,75.75,208,78,99.5,7.6,8.5,9.5,23,122.5,31.5,131,10,11.21,3.5,NA,54
Xavier Henry,2010,77.25,78.5,210,83.25,105,4.7,8.75,10,28.5,133.5,36.5,141.5,8,11.1,3.18,NA,12
Xavier Thames,2014,74.25,75.5,187,76,96,6.4,8.25,9,29,125,32.5,128.5,NA,11.48,3.48,NA,59
Zach LaVine,2014,76.5,77.75,181,80.25,100,4.7,8.25,8.75,33.5,133.5,41.5,141.5,NA,10.42,3.19,NA,13
Zhou Qi,2016,85.25,86.25,218,91.75,112.5,4.9,9.25,9.5,31.5,144,32,144.5,NA,11.27,3.46,NA,No
