Rk,Player,From,To,Tm,Lg,POS,G,GS,MP,FG,FGA,2P,2PA,3P,3PA,FT,FTA,ORB,DRB,TRB,AST,STL,BLK,TOV,PF,PTS,FG%,2P%,3P%,eFG%,FT%,TS%,WS
175,A.J. Price,2010,2012,IND,NBA,PG,150,3,2228,5.1,13.7,3.1,7.1,2.1,6.6,2.3,3.1,0.7,2.9,3.6,4.9,1.4,0.1,2.3,2.3,14.6,0.375,0.437,0.309,0.45,0.743,0.485,2.2
305,Adonis Thomas,2014,2014,TOT,NBA,SF,6,1,37,5.8,13.6,4.9,8.8,1,4.9,1,1,0,2.9,2.9,2.9,0,0,1,5.8,13.6,0.429,0.556,0.2,0.464,1,0.485,0
101,Alec Burks,2012,2014,UTA,NBA,SG,201,12,4269,5.9,13.3,5,10.9,0.8,2.4,4,5.4,1.3,3.2,4.5,3,1.1,0.3,2.3,3.3,16.6,0.442,0.461,0.35,0.473,0.736,0.528,5.7
119,Alex Len,2014,2016,PHO,NBA,C,189,93,3701,4.6,10.3,4.6,10.2,0,0.1,2.6,3.6,3.5,7.7,11.2,1.3,0.7,1.8,2.4,5,11.9,0.451,0.454,0.2,0.452,0.714,0.501,4.9
152,Alexey Shved,2013,2015,TOT,NBA,#N/A,182,25,3271,4.9,13.3,3.1,7.5,1.8,5.8,3.3,4.3,0.9,3,3.9,5.1,1.2,0.5,2.7,2.2,14.8,0.369,0.417,0.306,0.436,0.762,0.489,3.1
111,Al-Farouq Aminu,2011,2013,TOT,NBA,SF,223,106,4995,3.9,9,3.4,7.5,0.4,1.5,2,2.7,2.2,6.1,8.4,1.7,1.5,0.8,2.2,3,10.2,0.43,0.457,0.297,0.455,0.754,0.501,5.2
105,Allen Crabbe,2014,2016,POR,NBA,SG,147,17,2888,4.8,10.8,3,6,1.8,4.8,1.4,1.7,0.4,3.3,3.7,1.8,1,0.4,1,3.4,12.9,0.447,0.496,0.385,0.532,0.85,0.56,5.6
137,Alonzo Gee,2010,2012,TOT,NBA,#N/A,130,67,3127,4.3,10.1,3.5,7.8,0.8,2.3,3,3.8,2,4.1,6.2,1.8,1.5,0.4,2.1,2.9,12.4,0.43,0.455,0.345,0.469,0.772,0.528,3.9
4,Andre Drummond,2013,2015,DET,NBA,C,223,173,6364,6.7,11.7,6.7,11.7,0,0,1.9,4.8,5.9,9,14.9,0.7,1.3,2.1,1.6,4,15.3,0.57,0.571,0.167,0.57,0.397,0.552,22
86,Andre Roberson,2014,2016,OKC,NBA,SG,177,151,3238,2.9,6,2.3,3.8,0.6,2.2,0.7,1.2,1.9,4.7,6.7,1.5,1.4,0.9,1.1,3.9,7.1,0.481,0.602,0.274,0.531,0.563,0.54,6.4
288,Andrew Goudelock,2012,2016,TOT,NBA,SG,49,0,475,5.8,14.9,3.6,8.5,2.2,6.4,1.1,1.2,0.5,2,2.6,1.8,0.8,0.2,2.1,2.7,14.9,0.393,0.429,0.345,0.467,0.875,0.485,0
170,Andrew Nicholson,2013,2015,ORL,NBA,PF,191,36,2915,6.4,13.5,5.9,11.9,0.5,1.6,1.7,2.2,1.7,5.6,7.3,1.1,0.6,0.8,1.9,4.1,15,0.474,0.495,0.315,0.492,0.778,0.518,2.4
336,Andy Rautins,2011,2011,NYK,NBA,SG,5,0,24,4.5,10.5,3,4.5,1.5,6,1.5,3,0,1.5,1.5,4.5,1.5,0,10.5,0,12,0.429,0.667,0.25,0.5,0.5,0.508,-0.2
278,Anthony Bennett,2014,2016,TOT,NBA,#N/A,128,3,1641,4.7,12,4.2,10.1,0.5,2,2.1,3.1,2.3,6.3,8.6,1.4,1.2,0.5,1.9,4.1,11.9,0.388,0.414,0.256,0.409,0.657,0.444,0
1,Anthony Davis,2013,2015,TOT,NBA,PF,199,194,6659,8.2,15.6,8.2,15.4,0,0.1,4.8,6.1,2.9,7.3,10.2,1.7,1.4,2.7,1.6,2.7,21.2,0.525,0.529,0.111,0.526,0.789,0.58,30.5
276,Antonio Anderson,2010,2010,OKC,NBA,#N/A,1,0,15,2.4,7.2,2.4,7.2,0,0,0,0,2.4,0,2.4,0,0,0,2.4,2.4,4.8,0.333,0.333,,0.333,,0.333,0
236,Archie Goodwin,2014,2016,PHO,NBA,SG,150,15,2182,5.5,13,4.8,10.1,0.7,2.9,3.8,5.5,1.3,3.7,5,3,1.1,0.5,3.2,3,15.3,0.419,0.474,0.227,0.444,0.689,0.497,0.4
247,Arinze Onuaku,2014,2015,TOT,NBA,#N/A,11,1,98,4.8,7,4.8,7,0,0,1.5,3.7,3.3,7.3,10.7,2.6,0.4,1.1,1.1,3.3,11,0.684,0.684,,0.684,0.4,0.641,0.3
317,Armon Johnson,2011,2012,TOT,NBA,PG,47,0,401,5.9,12.9,5.4,11.6,0.5,1.3,1.7,2.5,1.1,3.3,4.4,5,0.9,0.1,4,3.6,14.1,0.458,0.465,0.4,0.479,0.679,0.502,-0.1
192,Arnett Moultrie,2013,2014,PHI,NBA,PF,59,2,729,4.6,8.5,4.6,8.5,0,0,1.1,1.6,4.3,4.6,8.9,0.6,1.2,0.7,1.3,3.2,10.4,0.547,0.547,,0.547,0.667,0.563,1.7
122,Aron Baynes,2013,2015,SAS,NBA,#N/A,139,21,1754,5.6,10.8,5.6,10.7,0,0.1,2.4,2.8,3.7,6.5,10.2,1.5,0.4,0.7,2.3,5.4,13.6,0.521,0.524,0.2,0.522,0.847,0.567,4.6
158,Austin Daye,2010,2012,DET,NBA,SF,182,24,2964,4.9,12.1,3.5,8.1,1.3,4,2,2.5,1.4,5.2,6.5,1.8,1,1,1.8,4.1,13.1,0.406,0.44,0.337,0.462,0.787,0.498,2.8
216,Austin Rivers,2013,2015,TOT,NBA,SG,206,35,4320,4.5,11.3,3.6,8.7,0.9,2.6,2.1,3.4,0.6,2.7,3.2,3.7,1,0.3,1.8,3.3,12,0.397,0.419,0.326,0.435,0.624,0.467,1
171,Avery Bradley,2011,2013,BOS,NBA,PG,145,78,2965,5,11.5,4.3,9.3,0.8,2.2,1.3,1.7,0.8,2.1,3,2.5,1.4,0.4,2,3.1,12.1,0.438,0.463,0.335,0.471,0.755,0.494,2.3
253,Ben Hansbrough,2013,2013,IND,NBA,#N/A,28,0,200,2.7,8.1,1.6,4,1.1,4.1,3.8,4.9,0.4,2.9,3.2,3.8,1.3,0.4,3.2,4.1,10.3,0.333,0.409,0.261,0.4,0.778,0.501,0.2
145,Ben McLemore,2014,2016,SAC,NBA,SG,232,190,6300,4.6,11.2,2.9,6.2,1.7,5,1.8,2.3,0.7,2.9,3.6,1.7,1,0.3,1.9,3.2,12.8,0.414,0.468,0.346,0.491,0.786,0.524,3.6
226,Ben Uzoh,2011,2012,TOT,NBA,#N/A,60,8,808,4.3,10.8,4.1,10.4,0.1,0.4,2,3.3,2.2,3.5,5.7,5.8,1.3,0.5,2,2.7,10.6,0.395,0.397,0.333,0.401,0.587,0.433,0.7
181,Bernard James,2013,2015,DAL,NBA,C,92,13,761,3.6,7.2,3.6,7.1,0,0.1,2.4,3.5,4,6,10,0.6,0.8,2.9,1.6,5,9.6,0.497,0.507,0,0.497,0.68,0.546,1.9
112,Bismack Biyombo,2012,2014,CHA,NBA,#N/A,220,115,4713,2.8,5.9,2.8,5.9,0,0,1.4,2.9,3.1,6.9,10.1,0.5,0.4,2.6,1.5,3.5,7.1,0.486,0.486,,0.486,0.505,0.501,5.2
2,Blake Griffin,2011,2013,LAC,NBA,PF,228,228,8102,8.1,15.4,8.1,15.1,0.1,0.3,4.3,7.1,3,7.5,10.5,3.6,1,0.6,2.5,3.1,20.7,0.529,0.535,0.206,0.531,0.611,0.558,29.7
44,Bradley Beal,2013,2015,WAS,NBA,SG,192,178,6382,6.4,15.2,4.5,10.4,1.9,4.7,2.3,2.9,0.9,3.2,4.1,3.2,1.1,0.4,1.9,2.3,16.9,0.419,0.428,0.4,0.481,0.786,0.513,10.7
243,Brandon Davies,2014,2015,TOT,NBA,PF,78,6,998,3.9,9.6,3.6,8,0.4,1.6,2.1,3.2,2.7,4.2,6.9,2.1,1.5,0.5,2.3,5.4,10.3,0.411,0.448,0.227,0.43,0.644,0.469,0.3
24,Brandon Jennings,2010,2012,MIL,NBA,#N/A,211,209,7171,6.4,16.4,4.6,11,1.9,5.4,3.1,3.8,0.7,3,3.7,5.7,1.5,0.3,2.5,2.2,17.8,0.393,0.416,0.345,0.45,0.811,0.493,13.6
114,Brandon Knight,2012,2014,TOT,NBA,PG,213,204,6894,5.9,14.3,4.2,9.4,1.7,4.9,2.8,3.6,0.7,3,3.7,4.7,0.9,0.2,2.9,2.4,16.4,0.415,0.446,0.356,0.476,0.771,0.516,5.1
90,Brian Roberts,2013,2015,TOT,NBA,#N/A,222,57,4321,5.3,12.9,3.7,8.5,1.5,4.4,2.2,2.4,0.4,2.5,2.8,5.1,0.9,0.1,1.9,2.6,14.3,0.41,0.439,0.353,0.47,0.919,0.513,6.1
322,Byron Mullens,2010,2012,TOT,NBA,#N/A,91,25,1604,6,14.3,5.7,13.2,0.3,1.1,2.2,2.8,2.4,5.7,8.1,1.3,0.6,1.2,1.9,3.6,14.5,0.418,0.434,0.235,0.428,0.786,0.465,-0.1
71,C.J. McCollum,2014,2016,POR,NBA,#N/A,180,83,4229,7.4,16.8,5,10.9,2.4,5.9,2.2,2.8,0.6,2.8,3.4,3.7,1.3,0.3,2.4,2.7,19.5,0.443,0.461,0.408,0.514,0.784,0.54,8
294,Carldell Johnson,2012,2012,NOH,NBA,#N/A,15,0,119,3.3,10.6,2.1,6.1,1.2,4.5,0.3,0.9,0.3,2.4,2.7,6.7,2.4,0,2.1,3.3,8.2,0.314,0.35,0.267,0.371,0.333,0.372,0
284,Carrick Felix,2014,2014,CLE,NBA,SG,7,0,38,6.6,13.3,4.7,8.5,1.9,4.7,2.8,3.8,0.9,4.7,5.7,3.8,0,0,3.8,3.8,18,0.5,0.556,0.4,0.571,0.75,0.603,0
260,Casper Ware,2014,2014,PHI,NBA,#N/A,9,0,116,5.6,13,3.4,6.5,2.2,6.5,1.6,1.9,0,2.8,2.8,3.1,2.5,0,1.6,3.4,14.9,0.429,0.524,0.333,0.512,0.833,0.538,0.2
335,Cedric Jackson,2010,2010,TOT,NBA,#N/A,12,0,74,2.9,9.7,2.4,6.8,0.5,2.9,3.4,5.8,1,2.9,3.9,6.8,1.5,1,5.4,3.4,9.7,0.3,0.357,0.167,0.325,0.583,0.396,-0.2
10,Chandler Parsons,2012,2014,HOU,NBA,SF,213,207,7345,5.7,12.1,4.1,7.6,1.7,4.5,1.6,2.2,1.2,4.3,5.5,3.4,1.2,0.4,1.8,2.2,14.7,0.473,0.534,0.37,0.542,0.705,0.561,18
233,Charles Jenkins,2012,2013,TOT,NBA,PG,110,29,1334,4.8,11.1,4.7,10.5,0.1,0.6,1.2,1.6,0.4,2.3,2.7,5.8,1.3,0.2,2.2,2.9,11,0.434,0.449,0.182,0.439,0.754,0.465,0.5
58,Chase Budinger,2010,2012,HOU,NBA,SF,210,35,4524,5.9,13.5,3.7,7.6,2.1,5.9,1.9,2.3,1,4.7,5.7,2.3,0.8,0.3,1.4,2.1,15.8,0.435,0.492,0.363,0.514,0.81,0.543,9.6
277,Chris Babb,2014,2014,BOS,NBA,#N/A,14,0,132,2.2,8.2,0.5,0.8,1.6,7.4,0,0,1.1,3.5,4.6,0.8,1.6,0,0.8,3.5,6,0.267,0.667,0.222,0.367,,0.367,0
155,Chris Copeland,2013,2015,TOT,NBA,#N/A,147,25,1955,6.4,14.9,3.8,7.8,2.7,7.1,2,2.6,1.2,3.6,4.8,1.8,0.6,0.6,2.3,4.1,17.5,0.432,0.487,0.373,0.522,0.746,0.545,3
206,Chris Hunter,2010,2010,GSW,NBA,#N/A,60,9,783,5,10,5,9.8,0,0.2,2.4,3.2,2.6,5.1,7.7,1.7,0.6,1.6,1.4,6.1,12.4,0.502,0.512,0,0.502,0.754,0.546,1.3
166,Chris Johnson,2013,2015,TOT,NBA,#N/A,77,2,1417,4,10,2.1,3.9,2,6.1,1.3,1.5,1.1,3,4.1,1.2,1.4,0.3,1,2.8,11.3,0.402,0.529,0.321,0.5,0.852,0.53,2.5
198,Chris Johnson,2011,2013,TOT,NBA,#N/A,71,1,597,4.6,8.3,4.6,8.3,0,0,3.1,4.4,2.8,5.1,8,0.8,1,2.8,2.3,6.2,12.4,0.562,0.562,,0.562,0.699,0.606,1.5
172,Chris Singleton,2012,2014,WAS,NBA,SF,148,62,2605,3.2,8.6,2.4,6.1,0.8,2.5,1.2,1.9,1.5,5,6.5,1.3,1.6,0.8,1.4,4.5,8.5,0.376,0.4,0.319,0.423,0.633,0.449,2.3
300,Chris Smith,2014,2014,NYK,NBA,#N/A,2,0,2,0,0,0,0,0,0,0,0,0,0,0,0,0,0,0,0,0,,,,,,,0
219,Chris Wright,2012,2014,TOT,NBA,#N/A,32,1,312,5.1,9.2,5.1,9.1,0,0.1,3.5,5.3,3.3,4.2,7.5,1,1.6,2.1,1.5,4.5,13.6,0.55,0.557,0,0.55,0.652,0.589,0.9
310,Chris Wright,2013,2013,DAL,NBA,#N/A,3,0,4,9,18,9,18,0,0,0,0,0,0,0,0,0,0,9,0,18,0.5,0.5,,0.5,,0.5,0
346,Christian Eyenga,2011,2012,TOT,NBA,#N/A,51,18,1049,4.7,11.4,3.8,8.1,0.9,3.2,0.8,1.2,1.1,3.6,4.7,1.4,1.3,1.1,1.7,2.9,11,0.411,0.464,0.277,0.45,0.611,0.461,-0.4
32,Cody Zeller,2014,2016,TOT,NBA,C,217,108,4677,4.4,9.3,4.4,9.3,0,0.1,3.4,4.6,2.7,6.3,9,2,1,1.2,1.7,4.1,12.3,0.474,0.477,0.167,0.474,0.752,0.542,12.7
200,Cole Aldrich,2011,2013,TOT,NBA,C,89,0,703,3.8,7,3.8,7,0,0,1.4,1.9,2.9,7.5,10.4,0.8,0.9,2.4,2,5.7,9,0.54,0.54,,0.54,0.711,0.569,1.4
362,Cory Higgins,2012,2013,CHA,NBA,#N/A,44,0,455,4.6,14.2,4.2,12.2,0.4,2,3.4,4.9,0.6,2.4,3,3.2,0.6,0.5,3.1,3.6,13,0.324,0.344,0.2,0.338,0.694,0.398,-1.3
139,Cory Joseph,2012,2014,SAS,NBA,PG,125,29,1590,4.5,10.1,4,8.4,0.5,1.7,2.4,3,1.1,3.1,4.2,4.6,1.3,0.5,1.7,2.8,11.9,0.447,0.48,0.284,0.471,0.806,0.523,3.8
285,Courtney Fortson,2012,2012,TOT,NBA,#N/A,10,0,95,4.2,12.1,3,7.2,1.1,4.9,3.8,5.7,2.3,3.4,5.7,3.8,1.1,0,3.8,1.9,13.3,0.344,0.421,0.231,0.391,0.667,0.453,0
330,Craig Brackins,2011,2012,PHI,NBA,PF,17,1,121,3.9,14.6,3,10.4,0.9,4.2,0.3,0.6,2.1,3.6,5.7,2.7,0.3,0.3,1.2,2.7,8.9,0.265,0.286,0.214,0.296,0.5,0.301,-0.2
295,D.J. Kennedy,2012,2012,CLE,NBA,#N/A,2,0,59,3.1,7.3,1.8,4.9,1.2,2.4,0,1.2,0.6,3.7,4.3,1.8,1.2,0,1.8,4.3,7.3,0.417,0.375,0.5,0.5,0,0.466,0
303,D.J. Stephens,2014,2014,MIL,NBA,#N/A,3,0,15,7.2,16.8,7.2,16.8,0,0,2.4,2.4,2.4,9.6,12,0,0,0,0,0,16.8,0.429,0.429,,0.429,1,0.47,0
328,DaJuan Summers,2010,2012,TOT,NBA,SF,81,7,813,4.5,11.7,3.2,8.2,1.3,3.5,1.9,3,1.1,2.5,3.5,1.2,0.8,0.4,1.6,4.6,12.2,0.386,0.395,0.367,0.441,0.642,0.47,-0.1
3,Damian Lillard,2013,2015,POR,NBA,PG,246,246,9029,6.8,15.8,4.4,9.3,2.4,6.5,3.9,4.6,0.5,3.2,3.7,6,0.9,0.2,2.6,2.1,19.8,0.429,0.472,0.368,0.505,0.861,0.558,26
293,Damion James,2011,2013,TOT,NBA,SF,34,16,573,3.7,8.7,3.7,8.4,0,0.3,1.6,2.5,1.5,6,7.5,1.4,1.4,1.2,2.3,3.3,9,0.428,0.44,0,0.428,0.65,0.463,0
215,Daniel Orton,2012,2014,TOT,NBA,C,51,6,542,3.3,6.8,3.3,6.8,0,0.1,2.9,4.8,3.2,5.2,8.4,1.6,1.2,1.9,1.9,5.4,9.5,0.485,0.49,0,0.485,0.597,0.531,1
118,Danny Green,2010,2012,TOT,NBA,SG,94,38,1729,5.1,11.5,2.7,5.7,2.4,5.7,1.7,2.2,1.4,4.1,5.4,1.9,1.4,1,1.6,2.6,14.2,0.441,0.464,0.418,0.545,0.783,0.572,4.9
79,Dante Cunningham,2010,2012,TOT,NBA,PF,205,25,3468,4.9,10,4.8,9.8,0,0.2,1.3,1.9,2.5,4.6,7.1,1,1.2,1,1,3.9,11,0.485,0.493,0.059,0.485,0.676,0.507,7.4
334,Darington Hobson,2012,2012,MIL,NBA,SG,5,0,39,1.8,12,1.8,6.5,0,5.5,0,0,0,2.8,2.8,5.5,0,0,1.8,0.9,3.7,0.154,0.286,0,0.154,,0.154,-0.2
342,Darius Johnson-Odom,2013,2014,TOT,NBA,SG,7,0,21,0,18.9,0,12,0,6.9,0,3.4,1.7,8.6,10.3,3.4,1.7,0,3.4,5.1,0,0,0,0,0,0,0,-0.3
209,Darius Miller,2013,2015,TOT,NBA,SF,102,10,1460,2.9,6.9,1.8,3.6,1.2,3.3,0.9,1.1,0.4,2.8,3.2,2.2,1,0.5,1.1,4.6,7.9,0.42,0.483,0.351,0.504,0.841,0.533,1.2
270,Darius Morris,2012,2014,TOT,NBA,PG,94,17,1165,4,10.1,2.8,6.6,1.2,3.5,1.5,2.2,1,2,3.1,4.4,1.1,0.1,2.8,3.3,10.7,0.399,0.423,0.354,0.46,0.653,0.485,0.1
38,Darren Collison,2010,2012,TOT,NBA,PG,215,172,6347,5.7,12.4,5,10.5,0.7,1.9,2.7,3.2,0.6,2.8,3.4,6.4,1.2,0.2,2.9,1.7,14.8,0.46,0.478,0.363,0.488,0.853,0.537,11.1
194,David Andersen,2010,2011,TOT,NBA,#N/A,103,0,1264,5.8,13.1,4.8,10.3,1,2.9,1.7,2.5,2.1,6.2,8.3,1.6,0.6,0.6,1.7,4.5,14.3,0.44,0.467,0.347,0.478,0.674,0.501,1.5
228,DeAndre Liggins,2012,2014,TOT,NBA,SG,57,1,406,3,6.5,2.4,4.4,0.6,2,1.6,3.3,1.8,4.3,6.1,1.8,2.1,0.3,2.1,3.5,8.2,0.466,0.54,0.304,0.514,0.486,0.521,0.6
27,DeJuan Blair,2010,2012,SAS,NBA,PF,227,150,4591,6.6,12.4,6.6,12.4,0,0,2,3.3,4.5,6.8,11.3,1.7,1.6,0.7,2.5,4.7,15.1,0.528,0.53,0,0.528,0.602,0.545,13.4
70,DeMar DeRozan,2010,2012,TOR,NBA,SG,222,210,6721,6.3,13.8,6.1,12.9,0.2,0.9,4,5,1,3,4,1.8,0.9,0.4,1.8,3,16.7,0.457,0.474,0.206,0.464,0.802,0.525,8
59,DeMarcus Cousins,2011,2013,SAC,NBA,C,220,198,6548,7.5,16.7,7.4,16.4,0,0.3,4.7,6.6,3.9,7.9,11.8,2.8,1.6,1.1,3.6,4.7,19.7,0.448,0.453,0.167,0.45,0.71,0.502,9.6
211,DeMarre Carroll,2010,2012,TOT,NBA,SF,107,10,1193,4.1,10.2,3.9,9.5,0.2,0.8,1.5,2.1,2.5,3.9,6.4,1.7,1.2,0.3,1.1,4.5,9.8,0.398,0.408,0.28,0.409,0.69,0.44,1.1
291,Dennis Horner,2012,2012,NJN,NBA,#N/A,8,0,22,1.6,6.5,1.6,4.9,0,1.6,4.9,6.5,3.3,4.9,8.2,0,0,0,1.6,1.6,8.2,0.25,0.333,0,0.25,0.75,0.434,0
138,Dennis Schroder,2014,2016,ATL,NBA,#N/A,206,16,3778,6.5,15.6,5.2,11.5,1.3,4.1,3.1,3.8,0.6,3.5,4.1,7.2,1.3,0.1,3.8,3,17.4,0.419,0.453,0.324,0.462,0.795,0.505,3.9
266,DeQuan Jones,2013,2013,ORL,NBA,#N/A,63,17,803,4.3,9.8,3.9,8.2,0.4,1.6,1.5,2.3,0.8,3.9,4.7,0.7,0.9,1,1.3,2.5,10.4,0.436,0.47,0.257,0.456,0.667,0.485,0.1
124,Derrick Brown,2010,2012,TOT,NBA,SF,171,18,2554,5,9.7,4.8,9.1,0.2,0.6,2.5,3.8,2.4,3.5,5.8,1.7,1.3,0.5,1.5,2.9,12.6,0.515,0.528,0.317,0.525,0.637,0.554,4.5
262,Derrick Byars,2012,2012,SAS,NBA,#N/A,2,0,37,2.9,10.7,2.9,4.9,0,5.8,3.9,3.9,5.8,4.9,10.7,1,1.9,0,0,1.9,9.7,0.273,0.6,0,0.273,1,0.392,0.1
239,Derrick Caracter,2011,2011,LAL,NBA,C,41,0,215,5.4,11.1,5.4,11.1,0,0,2.8,3.9,3.2,4,7.2,1.2,0.7,1.7,3.2,7.9,13.6,0.485,0.485,,0.485,0.739,0.532,0.3
47,Derrick Favors,2011,2013,TOT,NBA,PF,220,44,4698,5.4,11,5.4,10.9,0,0,3.1,4.8,3.9,6.7,10.6,1.2,1,2,2.4,4.9,14,0.498,0.499,0,0.498,0.651,0.537,10.3
81,Derrick Williams,2012,2014,TOT,NBA,PF,222,86,5154,5.2,12.3,4.3,9.3,0.9,3,3.6,5.1,1.7,5.7,7.4,1,0.9,0.6,1.8,2.3,14.9,0.424,0.466,0.296,0.46,0.708,0.513,7.4
231,Devin Ebanks,2011,2013,LAL,NBA,SG,63,15,711,4.2,10.8,3.7,9,0.4,1.8,2.6,3.6,2.6,3.6,6.2,1.2,0.9,0.6,1.8,2.8,11.3,0.385,0.418,0.222,0.404,0.722,0.458,0.5
121,Dewayne Dedmon,2014,2016,TOT,NBA,C,148,41,1940,4.2,7.8,4.2,7.8,0,0,2.1,3.2,4.1,7.9,12.1,0.5,0.8,2.2,1.9,5.9,10.5,0.54,0.542,0,0.54,0.651,0.571,4.7
235,Dexter Pittman,2011,2013,TOT,NBA,C,48,6,344,5.1,11.3,5.1,11.3,0,0,1.9,3.2,3.7,5.3,9,0.9,0.8,0.8,2.3,8.7,12.1,0.454,0.454,,0.454,0.581,0.477,0.5
360,Diante Garrett,2013,2014,TOT,NBA,#N/A,90,0,1197,3.5,9.4,2.3,6.1,1.2,3.3,0.5,0.7,0.5,2.9,3.4,4.5,1.5,0.2,2.7,2.4,8.7,0.373,0.384,0.351,0.435,0.682,0.445,-1
143,Dion Waiters,2013,2015,TOT,NBA,SG,211,95,6036,6.8,16.4,5.4,12.3,1.4,4.2,2.6,3.7,0.6,2.6,3.2,3.3,1.3,0.3,2.3,2.5,17.6,0.414,0.444,0.326,0.456,0.705,0.487,3.7
240,Dionte Christmas,2014,2014,PHO,NBA,SF,31,0,198,4,11.3,2.4,5.6,1.6,5.6,3.3,4.4,2.4,4.5,6.9,1.5,0.4,0.5,1.1,3.5,12.9,0.355,0.419,0.29,0.427,0.75,0.489,0.3
246,Dominique Jones,2011,2013,DAL,NBA,SG,80,4,741,4,11,3.9,10,0.1,1,3.8,5.2,1.6,3.9,5.5,7,1.4,0.5,3.7,3.1,12,0.366,0.393,0.095,0.37,0.729,0.449,0.3
273,Donald Sloan,2012,2014,TOT,NBA,#N/A,104,12,1324,4.1,10.7,3.6,8.3,0.5,2.3,1.5,2,0.7,3.1,3.8,5.2,0.8,0.1,2.3,2,10.2,0.382,0.427,0.221,0.406,0.733,0.439,0.1
83,Donatas Motiejunas,2013,2015,HOU,NBA,#N/A,177,79,3527,5.9,12.3,5,9.3,1,3.1,1.9,3.2,2.4,5.2,7.5,2,0.8,0.7,2.1,4.2,14.8,0.481,0.536,0.313,0.519,0.607,0.537,6.7
267,Doron Lamb,2013,2014,TOT,NBA,SG,100,0,1272,3.5,9.1,2.1,5.5,1.4,3.6,1.4,2,0.5,2.2,2.7,2.1,0.7,0,1.5,3,9.8,0.381,0.372,0.394,0.458,0.7,0.488,0.1
23,Draymond Green,2013,2015,GSW,NBA,PF,240,92,5348,4.1,10,2.9,6.2,1.2,3.8,1.7,2.5,1.7,7.1,8.9,3.3,1.8,1.3,1.9,4.3,11.2,0.412,0.467,0.321,0.473,0.685,0.504,13.6
280,Dwight Buycks,2014,2015,TOT,NBA,#N/A,20,0,269,4.4,11.8,2.8,8,1.6,3.7,2.3,2.5,0.8,3.9,4.7,3.2,1.5,0,2.9,1.9,12.7,0.375,0.35,0.429,0.443,0.895,0.493,0
241,Earl Clark,2010,2012,TOT,NBA,PF,138,1,1406,4.5,11.5,4.4,11.2,0.1,0.3,1.9,2.9,2.3,5,7.3,1.2,0.7,1.6,1.9,3.6,10.9,0.391,0.395,0.2,0.393,0.661,0.428,0.3
28,Ed Davis,2011,2013,TOT,NBA,PF,212,54,4767,4.9,9,4.9,9,0,0,1.9,3,3.4,6.8,10.3,1.2,0.9,1.6,1.3,4,11.6,0.544,0.544,0,0.544,0.611,0.563,13.2
308,Edwin Ubiles,2012,2012,WAS,NBA,#N/A,4,0,52,3.5,12.5,2.8,9,0.7,3.5,2.1,2.1,1.4,5.5,6.9,0.7,0.7,0.7,0.7,0.7,9.7,0.278,0.308,0.2,0.306,1,0.362,0
109,Ekpe Udoh,2011,2013,TOT,NBA,C,195,38,3632,3.4,7.8,3.4,7.8,0,0,2.2,2.9,2.9,3.9,6.8,1.4,1,2.7,1.4,4.5,8.9,0.434,0.436,0,0.434,0.731,0.49,5.4
290,Elias Harris,2014,2014,LAL,NBA,#N/A,2,0,11,0,3.3,0,3.3,0,0,0,0,3.3,0,3.3,3.3,3.3,0,0,0,0,0,0,,0,,0,0
224,Elliot Williams,2012,2015,TOT,NBA,#N/A,104,2,1425,4.8,11.3,3.5,7,1.3,4.3,2.4,3.6,0.9,3,4,2.3,1.1,0.2,1.9,3.9,13.4,0.426,0.496,0.312,0.485,0.667,0.519,0.8
89,Enes Kanter,2012,2014,UTA,NBA,C,216,39,4090,6.5,12.9,6.5,12.9,0,0,2.7,3.7,4.1,6.3,10.4,1,0.7,0.9,2.6,3.8,15.8,0.505,0.506,0.333,0.506,0.732,0.543,6.2
132,Eric Bledsoe,2011,2013,LAC,NBA,PG,197,38,3858,4.7,11,4.1,8.9,0.6,2.1,2.2,2.9,1.6,3.2,4.8,5.5,2.2,0.9,3.5,2.8,12.3,0.431,0.459,0.308,0.46,0.749,0.5,4.2
264,Eric Dawson,2012,2012,SAS,NBA,#N/A,4,0,39,6.5,11.1,6.5,11.1,0,0,0.9,1.8,4.6,4.6,9.2,0,0.9,1.8,2.8,5.5,13.8,0.583,0.583,,0.583,0.5,0.582,0.1
147,Eric Maynor,2010,2012,TOT,NBA,PG,172,2,2606,4.2,10.2,3.3,7.7,0.9,2.5,1.4,1.9,0.7,3,3.6,7.3,1.1,0.2,2.4,3.1,10.6,0.408,0.426,0.353,0.452,0.733,0.48,3.5
323,Erik Murphy,2014,2014,CHI,NBA,C,24,0,62,1.7,7.5,1.7,5.8,0,1.7,0,0,1.2,3.5,4.6,1.2,0,2.3,1.2,4.1,3.5,0.231,0.3,0,0.231,,0.231,-0.1
174,E'Twaun Moore,2012,2014,TOT,NBA,SG,192,24,3519,4.9,11.9,3.4,7.8,1.4,4.1,1.1,1.4,0.8,2.6,3.4,3.6,1.2,0.4,1.9,2.7,12.2,0.407,0.437,0.35,0.467,0.791,0.488,2.2
225,Eugene Jeter,2011,2011,SAC,NBA,#N/A,62,1,858,4.4,10.9,4.2,9.6,0.3,1.3,1.6,1.7,0.4,2.6,2.9,6.8,1.2,0.1,2.1,2.3,10.7,0.409,0.437,0.2,0.421,0.902,0.46,0.7
129,Evan Fournier,2013,2015,TOT,NBA,#N/A,172,40,3592,5.6,12.7,3.6,7.6,2,5.2,2.3,3.1,0.7,3.2,3.9,2.8,0.9,0.1,2.1,3.6,15.4,0.437,0.477,0.38,0.515,0.744,0.547,4.4
82,Evan Turner,2011,2013,PHI,NBA,SF,225,116,6402,5.2,12.2,4.8,10.8,0.5,1.4,1.8,2.5,0.7,6,6.7,3.9,0.9,0.3,2.1,2.5,12.8,0.428,0.441,0.329,0.447,0.744,0.479,6.8
298,Fab Melo,2013,2013,BOS,NBA,C,6,0,36,3,6,3,6,0,0,1,4,0,3,3,0,2,2,1,7,7,0.5,0.5,,0.5,0.25,0.451,0
95,Festus Ezeli,2013,2016,GSW,NBA,C,170,61,2394,4.1,8.1,4.1,8.1,0,0,2.4,4.4,4.4,6.5,10.9,0.9,0.7,2.5,2,4.9,10.7,0.513,0.513,,0.513,0.557,0.536,5.9
354,Gal Mekel,2014,2015,TOT,NBA,#N/A,35,1,335,3.5,11.4,3,8.9,0.5,2.5,0.9,1.3,0.5,2.5,3,8.2,0.6,0.1,3.5,3.4,8.5,0.311,0.337,0.217,0.335,0.667,0.355,-0.7
297,Gani Lawal,2011,2011,PHO,NBA,PF,1,0,2,0,0,0,0,0,0,0,0,0,0,0,0,0,0,0,18,0,,,,,,,0
272,Garret Siler,2011,2011,PHO,NBA,#N/A,21,0,101,6.1,11,6.1,11,0,0,3.9,7.8,5.7,4.3,10,1.1,0.4,1.4,3.6,7.1,16,0.548,0.548,,0.548,0.5,0.553,0.1
210,Garrett Temple,2010,2013,TOT,NBA,#N/A,102,40,1720,3.5,8.9,2.5,5.7,1,3.2,1.4,2.2,0.8,3,3.7,3.5,1.5,0.6,2.3,3.3,9.5,0.396,0.44,0.318,0.453,0.654,0.481,1.2
188,Gary Forbes,2011,2012,TOT,NBA,#N/A,111,13,1504,5.6,13,4.5,9.6,1.1,3.4,3,4.3,1.3,3.9,5.2,2.5,1.1,0.2,2.4,3.2,15.4,0.434,0.467,0.34,0.478,0.702,0.518,1.7
74,Gary Neal,2011,2013,SAS,NBA,#N/A,204,25,4375,6.1,14.1,3.6,7.9,2.5,6.2,1.6,2,0.4,3.4,3.8,2.8,0.7,0.1,1.7,2.6,16.3,0.433,0.461,0.398,0.521,0.818,0.545,7.9
141,Gerald Henderson,2010,2012,CHA,NBA,SG,166,85,3847,5.9,13.1,5.7,12.1,0.2,1,3,3.9,1.2,3.4,4.6,2.2,1,0.6,1.7,2.5,14.9,0.45,0.468,0.216,0.457,0.768,0.505,3.7
21,Giannis Antetokounmpo,2014,2016,MIL,NBA,#N/A,238,173,7261,5.3,11,4.9,9.6,0.4,1.3,3.4,4.7,1.4,6,7.4,3.5,1.1,1.3,2.5,3.4,14.4,0.483,0.512,0.28,0.501,0.721,0.552,14.5
337,Glen Rice,2014,2015,WAS,NBA,SG,16,1,152,3.3,12.3,1.9,6.6,1.4,5.7,2.1,3.1,1.4,4.3,5.7,2.1,1.4,0.2,2.6,4.3,10.2,0.269,0.286,0.25,0.327,0.692,0.372,-0.2
36,Gordon Hayward,2011,2013,UTA,NBA,SF,210,102,5337,5,11.1,3.7,7.9,1.3,3.2,3.4,4.2,1,3,4,3.4,1,0.7,2,2.3,14.8,0.451,0.471,0.401,0.509,0.811,0.568,11.5
29,Gorgui Dieng,2014,2016,MIN,NBA,C,215,103,5231,4.7,9.1,4.6,8.9,0.1,0.2,3.1,4,3.3,7,10.3,2.3,1.3,1.9,2.2,3.5,12.5,0.516,0.521,0.296,0.519,0.778,0.579,13
6,Greg Monroe,2011,2013,DET,NBA,C,227,195,6991,6.3,12.3,6.3,12.3,0,0,3.2,4.6,3.7,6.7,10.4,2.8,1.4,0.8,2.5,2.9,15.8,0.512,0.514,0,0.512,0.687,0.55,19.5
126,Greg Smith,2012,2014,HOU,NBA,#N/A,89,10,1279,5.5,8.8,5.5,8.8,0,0,2.3,3.8,3.6,6.8,10.4,0.7,0.6,1.3,1.3,5.9,13.3,0.623,0.625,0,0.623,0.615,0.635,4.5
94,Greg Stiemsma,2012,2014,TOT,NBA,#N/A,186,42,2982,3.2,6.3,3.2,6.3,0,0,1.2,1.7,2.2,5.8,8,1.1,1.4,2.8,1.6,6,7.6,0.505,0.506,0,0.505,0.711,0.537,6
84,Greivis Vasquez,2011,2013,TOT,NBA,SG,214,105,5251,5.2,12.1,4.2,8.9,1,3.2,1.7,2.2,0.5,3.5,4,8.3,1,0.1,3.2,2.7,13.2,0.429,0.465,0.325,0.471,0.806,0.504,6.6
113,Gustavo Ayon,2012,2014,TOT,NBA,#N/A,135,41,2251,4.5,8.5,4.5,8.5,0,0,1.1,2.1,3,6.4,9.4,2.8,1.6,1.2,2,4.4,10.2,0.536,0.537,0,0.536,0.504,0.539,5.1
299,Hamady N'Diaye,2011,2014,TOT,NBA,#N/A,33,0,157,1.6,3.4,1.6,3.4,0,0,1.4,3,1.6,4.1,5.7,0.7,0.5,2.1,1.4,7.6,4.6,0.467,0.467,,0.467,0.462,0.483,0
30,Harrison Barnes,2013,2015,GSW,NBA,SF,241,187,6580,4.7,10.7,3.6,7.7,1.1,3,2.1,2.9,1.3,4.7,6,1.8,1,0.3,1.4,2.4,12.7,0.44,0.466,0.373,0.492,0.733,0.528,12.7
163,Hasheem Thabeet,2010,2012,TOT,NBA,C,135,16,1395,2.7,5,2.7,5,0,0,2.2,3.8,3.2,6.1,9.3,0.4,0.6,3,1.8,6.7,7.6,0.547,0.547,,0.547,0.581,0.576,2.6
110,Hassan Whiteside,2011,2015,TOT,NBA,C,67,32,1253,7.3,11.9,7.3,11.9,0,0,2.4,4.8,4.6,10.3,15,0.2,0.9,4,1.8,4.1,17,0.616,0.616,,0.616,0.494,0.608,5.4
133,Henry Sims,2013,2015,TOT,NBA,C,121,57,2279,5.8,12.3,5.8,11.9,0.1,0.4,3.1,4.1,3.6,5.9,9.4,2.1,1.1,0.8,2.2,4,14.8,0.475,0.484,0.174,0.478,0.76,0.527,4.2
100,Hollis Thompson,2014,2016,PHI,NBA,SF,225,81,5672,4.2,10.1,2.1,4.8,2.1,5.4,1.2,1.6,1.1,3.4,4.6,1.6,0.9,0.4,1.3,3,11.7,0.417,0.446,0.391,0.521,0.713,0.54,5.8
214,Ian Clark,2014,2016,TOT,NBA,#N/A,119,1,942,5.1,12.4,3.2,6.8,1.9,5.5,1.6,1.9,0.8,3.2,3.9,3.5,1.3,0.7,2.5,3.9,13.8,0.414,0.464,0.352,0.492,0.84,0.522,1
87,Iman Shumpert,2012,2014,NYK,NBA,SG,178,138,4663,3.9,10,2.6,6,1.4,4,1.4,1.8,1.2,3.7,4.9,2.8,1.8,0.2,1.8,3.7,10.5,0.391,0.424,0.342,0.459,0.775,0.489,6.3
154,Isaiah Canaan,2014,2016,TOT,NBA,PG,146,60,3156,5,13.5,1.7,4.6,3.3,9,2.5,3.1,0.5,2.7,3.3,2.9,1.1,0.2,2,2.7,15.7,0.368,0.379,0.363,0.488,0.818,0.528,3
14,Isaiah Thomas,2012,2014,SAC,NBA,PG,216,153,6275,6.4,14.3,4.5,9.2,1.9,5.2,4.3,5,0.7,2.4,3.1,5.9,1.2,0.1,2.6,2.7,19,0.447,0.497,0.36,0.512,0.857,0.574,17.1
344,Ish Smith,2011,2013,TOT,NBA,#N/A,121,7,1192,3.9,10.7,3.5,9.3,0.4,1.4,0.7,1.1,0.8,3.5,4.3,6.3,1.6,0.4,2.5,2.4,8.9,0.366,0.375,0.304,0.386,0.579,0.398,-0.3
125,Ivan Johnson,2012,2013,ATL,NBA,#N/A,125,5,1969,6,11.5,5.9,11.2,0.1,0.3,2.8,4.2,2.6,6.4,9,1.4,1.8,0.6,2.6,4.5,14.8,0.517,0.528,0.158,0.519,0.662,0.551,4.5
75,Jae Crowder,2013,2015,TOT,NBA,SF,238,41,4254,4.2,10.2,2.8,5.6,1.5,4.7,1.7,2.3,1.3,4.4,5.7,2.1,1.6,0.5,1.2,3.1,11.6,0.414,0.496,0.316,0.486,0.735,0.518,7.8
255,JaJuan Johnson,2012,2012,BOS,NBA,PF,36,0,298,6.5,14.6,6.5,14.6,0,0,0.7,1.1,2.4,4.6,7,0.7,0.6,1.7,1.7,3,13.8,0.446,0.446,,0.446,0.667,0.456,0.2
286,Jamaal Franklin,2014,2015,TOT,NBA,SG,24,0,174,3.5,8.5,2.3,5.8,1.2,2.7,0.4,0.4,1,4.1,5.2,1.9,0.8,0.6,2.9,5.6,8.7,0.415,0.393,0.462,0.488,1,0.501,0
187,James Anderson,2011,2013,TOT,NBA,SF,116,6,1290,4.2,10.6,2.5,5.8,1.6,4.9,2.1,2.7,1,3.9,4.9,2.8,0.7,0.4,1.9,2.3,12.1,0.391,0.44,0.333,0.467,0.786,0.51,1.7
5,James Harden,2010,2012,OKC,NBA,SG,220,7,5873,5.1,11.6,3.2,6.3,2,5.3,4.9,5.8,0.7,3.9,4.6,3.3,1.4,0.4,2.1,3.4,17.1,0.444,0.506,0.37,0.529,0.835,0.605,21
135,James Johnson,2010,2012,TOT,NBA,SF,165,76,3140,5,11.1,4.5,9.5,0.5,1.6,2.1,2.9,1.7,4.8,6.4,3,1.4,1.9,2.6,4.6,12.5,0.452,0.478,0.3,0.474,0.699,0.507,4
325,James Nunnally,2014,2014,TOT,NBA,#N/A,13,0,165,3.3,10,1.5,4.6,1.7,5.5,1.3,2,0.2,3.9,4.1,1.7,1.3,0.4,1.5,2.4,9.6,0.326,0.333,0.32,0.413,0.667,0.44,-0.1
302,James Southerland,2014,2014,TOT,NBA,SF,4,0,30,6,18,2.4,10.8,3.6,7.2,1.2,2.4,0,9.6,9.6,0,1.2,2.4,1.2,3.6,16.8,0.333,0.222,0.5,0.433,0.5,0.441,0
282,JamesOn Curry,2010,2010,LAC,NBA,#N/A,1,0,0,,,,,,,,,,,,,,,,,,,,,,,,0
136,Jan Vesely,2012,2014,TOT,NBA,#N/A,162,25,2455,3.9,7.4,3.9,7.4,0,0,0.9,2.3,3.3,4.9,8.2,1.4,1.6,1.2,1.8,5.6,8.7,0.521,0.523,0,0.521,0.408,0.514,4
263,Jared Cunningham,2013,2015,TOT,NBA,SG,40,0,195,4.4,12.6,3.1,8.3,1.3,4.2,4.1,5.7,0.6,2.8,3.3,3.5,1.3,0,2,5.7,14.2,0.353,0.378,0.304,0.404,0.71,0.472,0.1
46,Jared Sullinger,2013,2015,BOS,NBA,PF,177,98,4499,6.4,14.7,5.6,11.5,0.9,3.2,2.4,3.2,3.8,6.6,10.5,2.3,0.8,0.9,1.8,4.5,16.2,0.44,0.486,0.275,0.47,0.762,0.504,10.6
227,Jarvis Varnado,2013,2014,TOT,NBA,PF,37,0,397,3.5,6.1,3.5,6.1,0,0,2.6,5.1,1.9,4.6,6.5,1.5,1,2.8,1.5,6.5,9.7,0.582,0.582,,0.582,0.518,0.584,0.7
205,Jeff Adrien,2011,2013,TOT,NBA,PF,83,5,972,3.8,8.8,3.8,8.7,0,0.1,3.1,4.9,3.6,6.7,10.2,1.7,0.8,1.3,1.6,4.5,10.6,0.429,0.432,0,0.429,0.634,0.485,1.3
161,Jeff Ayres,2010,2013,TOT,NBA,#N/A,96,5,880,4.9,9.3,4.8,9.1,0.1,0.2,1.8,2,2.7,6.9,9.6,0.8,0.7,1.2,1.5,5.6,11.6,0.524,0.525,0.5,0.529,0.86,0.568,2.6
314,Jeff Foote,2012,2012,NOH,NBA,#N/A,4,0,39,1.8,5.5,1.8,5.5,0,0,0,0,0.9,4.6,5.5,0,0,0.9,1.8,4.6,3.7,0.333,0.333,,0.333,,0.333,-0.1
68,Jeff Teague,2010,2012,ATL,NBA,PG,207,76,3865,5.1,11.2,4.3,9.1,0.7,2.1,2.4,3.1,0.3,2.7,3.1,5.4,1.7,0.7,2.3,2.9,13.2,0.451,0.479,0.332,0.483,0.779,0.526,8.3
117,Jeff Withey,2014,2016,TOT,NBA,C,146,14,1601,4.2,8,4.2,7.9,0,0.1,2.9,4.1,2.9,5.8,8.7,1.3,0.9,2.7,1.3,3.9,11.4,0.53,0.534,0,0.53,0.709,0.58,5
207,Jeffery Taylor,2013,2015,TOT,NBA,#N/A,132,50,2566,4.2,10.3,3,6.7,1.2,3.6,1.8,2.7,1.1,2.6,3.7,1.5,1,0.3,1.3,3.3,11.3,0.409,0.458,0.319,0.465,0.665,0.495,1.3
148,Jeremy Evans,2011,2013,UTA,NBA,#N/A,115,3,895,5.2,8.1,5.2,8,0,0.1,2.2,3.5,3.3,5,8.2,1.9,1.2,2.2,1.3,4.1,12.7,0.647,0.657,0,0.647,0.64,0.659,3.4
115,Jeremy Lamb,2013,2015,OKC,NBA,SG,148,8,2318,6.1,14.4,4,8.4,2.1,6,1.8,2.1,0.6,4.3,4.9,2.5,1.2,0.5,1.5,3.2,16,0.422,0.475,0.348,0.495,0.857,0.523,5.1
64,Jeremy Lin,2011,2013,TOT,NBA,#N/A,146,107,3865,5.5,12.6,4.5,9.5,1,3.1,3.5,4.5,0.6,3,3.6,7,2.1,0.4,3.5,2.9,15.7,0.44,0.476,0.332,0.482,0.789,0.538,8.7
356,Jeremy Pargo,2012,2013,TOT,NBA,#N/A,83,16,1079,5,13.3,3.8,9.6,1.2,3.7,1.9,3,0.7,2.2,2.9,4.9,0.9,0.1,3.2,3.1,13,0.373,0.396,0.313,0.416,0.652,0.445,-0.8
249,Jeremy Tyler,2012,2014,TOT,NBA,C,104,23,1034,5.5,12.2,5.5,12.1,0,0,2.1,3.7,3.4,6,9.4,0.9,0.8,1.5,2.4,5.7,13,0.45,0.451,0,0.45,0.557,0.471,0.3
259,Jermaine Taylor,2010,2011,TOT,NBA,SG,65,12,786,6.4,14.4,5.5,11.4,0.9,3.1,2.5,3.4,2.2,2.8,4.9,2.2,1.1,0.4,3,2.5,16.1,0.441,0.484,0.284,0.471,0.73,0.505,0.2
265,Jerome Dyson,2012,2012,NOH,NBA,#N/A,9,1,180,3.8,9.6,3.6,8,0.2,1.6,5.6,7.2,0.4,3.4,3.8,3.6,2.2,0.4,4,3.8,13.4,0.396,0.45,0.125,0.406,0.778,0.525,0.1
191,Jerome Jordan,2012,2015,TOT,NBA,C,65,0,491,4.9,9.3,4.9,9.3,0,0,3.4,4,4.8,4.8,9.7,1.2,0.7,1.5,1.8,5.4,13.2,0.528,0.528,,0.528,0.852,0.597,1.7
301,Jerry Smith,2012,2012,NJN,NBA,#N/A,5,0,46,2.3,11,1.6,6.3,0.8,4.7,0,0,1.6,3.9,5.5,3.1,3.9,0,0,3.9,5.5,0.214,0.25,0.167,0.25,,0.25,0
173,Jimmer Fredette,2012,2014,TOT,NBA,#N/A,179,7,2621,6.2,14.9,3.7,8.6,2.5,6.3,2,2.3,0.6,2.1,2.7,3.6,1,0.1,2.5,2.4,16.9,0.417,0.428,0.401,0.501,0.857,0.532,2.2
19,Jimmy Butler,2012,2014,CHI,NBA,SG,191,87,5084,3.9,9.1,3.1,6.6,0.8,2.5,3.5,4.4,1.7,3.3,5.1,2.2,1.5,0.5,1.3,1.6,12,0.425,0.47,0.309,0.468,0.781,0.542,15.2
49,Jodie Meeks,2010,2012,TOT,NBA,SG,200,114,4425,4.4,10.6,2.1,4.5,2.3,6.1,2.1,2.4,0.4,3.1,3.5,1.4,1,0.1,0.9,1.9,13.1,0.411,0.465,0.371,0.518,0.884,0.562,10.2
150,Joel Freeland,2013,2015,POR,NBA,#N/A,151,9,1821,4.1,9,4.1,9,0,0,1.2,1.6,3.8,6.5,10.2,1.3,0.6,1.1,1.5,5,9.4,0.459,0.461,0,0.459,0.728,0.486,3.2
63,John Henson,2013,2015,MIL,NBA,PF,200,43,3911,6.5,12.2,6.5,12.1,0,0,2.1,3.9,3.8,6.4,10.2,1.9,0.8,2.7,2.3,3.9,15,0.531,0.533,0,0.531,0.537,0.541,8.7
165,John Jenkins,2013,2015,ATL,NBA,SG,98,5,1357,5.2,11.5,3.1,6,2.1,5.5,2.1,2.5,0.6,3.5,4.1,2.1,0.6,0.3,1.6,1.7,14.6,0.451,0.52,0.375,0.54,0.849,0.577,2.5
51,John Wall,2011,2013,WAS,NBA,PG,184,172,6594,6,14.2,5.7,13.1,0.3,1.1,4.7,6,0.6,3.8,4.4,8.1,1.5,0.7,3.7,2.3,17,0.423,0.438,0.243,0.432,0.785,0.504,10.2
140,Jon Brockman,2010,2012,TOT,NBA,#N/A,150,10,1570,2.7,5.5,2.7,5.5,0,0,1.9,3.1,4.9,6,10.8,1.1,0.8,0.2,1.3,6.1,7.3,0.488,0.49,0,0.488,0.618,0.53,3.7
144,Jon Leuer,2012,2014,TOT,NBA,PF,123,12,1384,6.3,12.7,5.6,11.1,0.7,1.6,1.7,2.3,2.5,5.7,8.2,1.4,1,0.8,1.4,3.9,15,0.497,0.507,0.426,0.524,0.727,0.546,3.6
56,Jonas Jerebko,2010,2013,DET,NBA,#N/A,193,88,4592,5,10.8,4.3,8.4,0.7,2.4,2.3,3,2.8,4.8,7.6,1.1,1.2,0.5,1.5,3.8,13.1,0.469,0.516,0.306,0.503,0.755,0.543,9.7
9,Jonas Valanciunas,2013,2015,TOR,NBA,#N/A,223,218,5860,5.8,10.4,5.8,10.4,0,0,3.4,4.4,3.5,7.5,10.9,0.9,0.5,1.5,2.1,4,14.9,0.553,0.553,0,0.553,0.778,0.605,18.9
361,Jonny Flynn,2010,2012,TOT,NBA,PG,163,90,3738,5.3,13.3,4.2,9.9,1.1,3.4,2.7,3.4,0.4,2.5,3,6.1,1.2,0.1,3.7,1.7,14.5,0.4,0.42,0.338,0.442,0.809,0.49,-1.1
167,Jordan Crawford,2011,2013,TOT,NBA,SG,176,64,4489,6.8,16.8,5.2,11.6,1.6,5.2,2.9,3.6,1,2.9,3.9,4.3,1.1,0.1,2.9,2.2,18,0.402,0.446,0.301,0.448,0.814,0.489,2.4
159,Jordan Hamilton,2012,2014,TOT,NBA,SF,126,15,1674,6,14.8,3.5,8,2.5,6.8,1.2,1.8,1.6,5.9,7.5,2,1.4,0.7,1.7,2.3,15.6,0.406,0.446,0.358,0.488,0.671,0.502,2.7
123,Jordan Hill,2010,2012,TOT,NBA,PF,158,19,2300,5.5,11.2,5.5,11.1,0,0.1,2.1,3.1,4.1,6.3,10.4,1,0.7,1.6,1.9,5,13.2,0.493,0.498,0,0.493,0.68,0.524,4.6
208,Jordan Williams,2012,2012,NJN,NBA,C,43,5,635,4.4,8.6,4.4,8.6,0,0,2.4,3.7,3.7,5.1,8.8,0.6,1.2,0.9,1.3,3.5,11.2,0.507,0.507,,0.507,0.652,0.544,1.3
220,Jorge Gutierrez,2014,2016,TOT,NBA,#N/A,47,3,482,4,7.9,3.7,6.6,0.2,1.3,2.1,2.7,0.6,3.4,4,5.2,1.4,0.1,2.4,4.9,10.2,0.5,0.562,0.176,0.514,0.778,0.562,0.8
274,Josh Akognon,2013,2013,DAL,NBA,#N/A,3,0,9,8,16,4,8,4,8,0,0,0,4,4,4,0,0,0,12,20,0.5,0.5,0.5,0.625,,0.625,0
177,Josh Harrellson,2012,2014,TOT,NBA,#N/A,75,4,888,4.3,9.7,2.9,5.9,1.3,3.9,0.9,1.4,3.2,6,9.2,1.1,1.2,1.5,1.3,3.9,10.7,0.438,0.497,0.347,0.506,0.629,0.519,2.1
355,Josh Selby,2012,2013,MEM,NBA,PG,38,0,296,3.8,11.4,3.4,8.9,0.4,2.6,2.2,3,0.2,2.2,2.4,4.1,1.1,0,4.4,2.9,10.1,0.33,0.384,0.143,0.346,0.72,0.395,-0.7
39,Jrue Holiday,2010,2012,PHI,NBA,PG,220,198,6864,5.4,12.3,4.3,9.4,1.1,2.9,1.7,2.2,0.9,2.9,3.9,5.8,1.6,0.3,2.7,2.6,13.7,0.44,0.46,0.377,0.484,0.798,0.515,11.1
230,Julyan Stone,2012,2014,TOT,NBA,#N/A,47,2,327,2.4,5.5,2,3.4,0.4,2.1,1.4,2,1,4.3,5.3,5.6,1.3,0.7,2,3.9,6.7,0.44,0.581,0.211,0.48,0.722,0.527,0.6
311,Justin Dentmon,2012,2013,TOT,NBA,#N/A,8,0,95,3.8,11.4,3,6.1,0.8,5.3,1.5,2.3,0,3,3,3.8,0.8,0,2.7,3.8,9.9,0.333,0.5,0.143,0.367,0.667,0.398,-0.1
189,Justin Hamilton,2014,2015,TOT,NBA,#N/A,49,14,784,4.3,9.1,3.7,7.3,0.6,1.8,2,2.4,2.8,3.7,6.5,1.7,1.5,1.4,1.4,3.6,11.3,0.475,0.513,0.325,0.508,0.846,0.555,1.7
333,Justin Harper,2012,2016,TOT,NBA,PF,19,0,119,3.9,12.4,2.1,5.7,1.8,6.7,0.3,0.9,0.9,3,3.9,0.6,0.9,0.9,2.4,2.4,10,0.317,0.368,0.273,0.39,0.333,0.39,-0.2
186,Justin Holiday,2013,2016,TOT,NBA,#N/A,121,9,1572,4.5,11.7,2.7,6.4,1.7,5.3,1.6,2.1,0.5,3.5,4.1,2.7,1.7,0.8,1.8,2.8,12.3,0.382,0.427,0.326,0.455,0.778,0.486,1.8
7,Kawhi Leonard,2012,2014,SAS,NBA,SF,188,161,5267,5.4,10.8,4.2,7.6,1.2,3.2,1.9,2.3,1.7,5.8,7.4,2,2,0.7,1.3,2.1,13.9,0.505,0.559,0.376,0.561,0.803,0.591,19.4
279,Keith Benson,2012,2012,GSW,NBA,C,3,0,9,0,4,0,4,0,0,0,0,8,4,12,0,0,0,0,0,0,0,0,,0,,0,0
45,Kelly Olynyk,2014,2016,BOS,NBA,C,203,30,4218,6.3,13.5,4.7,9.3,1.6,4.3,2.5,3.3,2.6,5.5,8.1,2.8,1.3,0.8,2.4,5.1,16.6,0.465,0.508,0.373,0.524,0.746,0.555,10.6
50,Kemba Walker,2012,2014,CHA,NBA,PG,221,180,7265,6.2,15.6,4.8,11.2,1.4,4.4,3.7,4.6,0.6,3.4,4.1,6,1.5,0.4,2.4,1.8,17.6,0.398,0.428,0.322,0.443,0.81,0.498,10.2
199,Kendall Marshall,2013,2015,TOT,NBA,PG,130,51,2683,3.6,9,2.1,5,1.5,4,0.5,0.8,0.3,2.7,3,9.5,1.2,0.1,3.2,2,9.3,0.405,0.428,0.377,0.489,0.593,0.496,1.5
8,Kenneth Faried,2012,2014,DEN,NBA,PF,206,196,5463,6.6,12,6.6,12,0,0,3.1,4.9,4.2,7.4,11.7,1.4,1.2,1.3,2,3.6,16.4,0.554,0.555,0,0.554,0.64,0.581,18.9
183,Kent Bazemore,2013,2015,TOT,NBA,#N/A,203,25,2502,4.8,11.4,3.3,7.1,1.5,4.2,2.2,3.6,0.5,4.7,5.2,2.7,1.6,0.7,2.4,3.7,13.2,0.419,0.464,0.344,0.483,0.605,0.508,1.8
52,Kentavious Caldwell-Pope,2014,2016,DET,NBA,SG,238,199,6959,5,12.4,3.4,7.2,1.7,5.2,1.8,2.3,0.8,2.8,3.6,1.6,1.4,0.2,1.2,2.4,13.5,0.408,0.466,0.327,0.476,0.765,0.506,10
256,Kevin Jones,2013,2013,CLE,NBA,PF,32,0,334,4.6,11.5,4.6,11.5,0,0,1,1.6,4.1,4.3,8.4,1.1,1,0.5,0.9,2.7,10.2,0.402,0.402,,0.402,0.6,0.418,0.2
343,Kevin Murphy,2013,2013,UTA,NBA,SG,17,0,52,4.8,19.4,4.2,15.9,0.7,3.5,0,0,0,2.8,2.8,1.4,0.7,0,2.1,2.8,10.4,0.25,0.261,0.2,0.268,,0.268,-0.3
160,Kevin Seraphin,2011,2013,WAS,NBA,#N/A,194,30,3532,6.1,12.7,6.1,12.7,0,0,1.3,1.9,3,5,7.9,1,0.6,1.7,2.4,4.8,13.5,0.481,0.482,0,0.481,0.688,0.5,2.7
48,Khris Middleton,2013,2015,TOT,NBA,SF,188,122,5313,5.7,12.6,4.1,8.5,1.6,4.1,1.9,2.2,0.8,4,4.8,2.6,1.5,0.2,1.7,3.2,15,0.453,0.477,0.403,0.518,0.858,0.551,10.3
251,Kim English,2013,2013,DET,NBA,SG,41,0,407,3.7,9.9,2.5,5.5,1.2,4.4,1.9,2.6,0.7,2.6,3.3,2.3,1.4,0.3,1.7,4.1,10.5,0.375,0.452,0.28,0.438,0.724,0.477,0.2
31,Klay Thompson,2012,2014,GSW,NBA,SG,229,192,7412,6.7,15.5,4.1,9,2.6,6.5,1.7,2.1,0.5,3,3.5,2.4,1,0.5,1.9,3,17.8,0.435,0.453,0.41,0.521,0.827,0.545,12.7
318,Kris Joseph,2013,2013,TOT,NBA,SF,10,0,54,1.3,9.3,1.3,7.3,0,2,3.3,5.3,0.7,4,4.7,0.7,2,0,1.3,2,6,0.143,0.182,0,0.143,0.625,0.257,-0.1
107,Kyle O'Quinn,2013,2015,ORL,NBA,C,177,41,2650,5.5,11,5.4,10.4,0.2,0.6,1.8,2.5,2.9,7.6,10.5,2.6,1.1,2.1,2.3,5.2,13,0.501,0.516,0.255,0.509,0.708,0.536,5.5
65,Kyle Singler,2013,2015,TOT,NBA,SF,244,168,6373,4,9.5,2.6,5.7,1.5,3.9,1.6,2,1.5,3.2,4.7,1.3,0.9,0.5,1.3,3.3,11.2,0.424,0.455,0.378,0.501,0.811,0.537,8.7
17,Kyrie Irving,2012,2014,CLE,NBA,#N/A,181,181,6102,8.1,18,6.3,13.3,1.8,4.8,4.2,4.9,0.8,3.2,3.9,6.2,1.5,0.4,3.2,2.5,22.1,0.447,0.472,0.378,0.497,0.862,0.548,16
120,Lance Stephenson,2011,2013,IND,NBA,SG,132,73,2835,4.3,9.7,3.4,6.8,0.8,2.8,1.2,1.9,0.8,4,4.8,3.7,1.3,0.3,2,2.6,10.5,0.44,0.499,0.296,0.483,0.644,0.502,4.9
176,Lance Thomas,2012,2014,TOT,NBA,#N/A,106,19,1318,3.1,6.6,3.1,6.6,0,0,2.6,3.4,2.6,4.2,6.8,0.9,0.6,0.4,1.1,4.4,8.8,0.465,0.467,0,0.465,0.776,0.542,2.2
54,Landry Fields,2011,2013,TOT,NBA,#N/A,199,165,5472,4.2,8.8,3.4,6.5,0.8,2.3,1.5,2.2,1.5,5.2,6.6,2.5,1.3,0.3,1.7,1.8,10.6,0.476,0.526,0.336,0.521,0.665,0.544,9.8
248,Larry Owens,2011,2012,TOT,NBA,#N/A,19,0,218,3.1,7.1,1.8,4.1,1.3,3,1.2,2.1,0.5,4.1,4.6,2,1.5,1,1.2,4.6,8.8,0.442,0.44,0.444,0.535,0.538,0.544,0.3
72,Larry Sanders,2011,2013,MIL,NBA,C,183,67,3452,5.3,11,5.3,11,0,0,1.4,2.3,3.6,6.9,10.5,1.4,1.1,3.6,1.8,5,11.9,0.479,0.481,0,0.479,0.58,0.494,8
104,Lavoy Allen,2012,2014,TOT,NBA,#N/A,185,54,3365,4.5,9.9,4.5,9.7,0,0.1,0.9,1.3,3.5,5.9,9.4,1.9,0.7,1.1,1.3,4.1,9.9,0.455,0.46,0.143,0.456,0.702,0.475,5.6
254,Lazar Hayward,2011,2013,TOT,NBA,SF,72,0,591,4.3,12.3,3,7.6,1.3,4.8,2.8,3.7,1.5,4,5.5,2.1,1,0.5,1.7,4,12.6,0.347,0.395,0.269,0.399,0.767,0.453,0.2
292,Lester Hudson,2010,2012,TOT,NBA,#N/A,52,0,538,6,16,4.3,9.6,1.7,6.4,3.1,3.9,1,3.6,4.6,4.4,1.7,0.5,3.5,3.2,16.7,0.372,0.444,0.263,0.425,0.81,0.473,0
331,Lorenzo Brown,2014,2016,TOT,NBA,PG,63,7,834,3.7,10.1,3.3,7.2,0.4,2.8,1,1.6,0.9,3.6,4.5,6.1,1.9,0.4,2.4,3.1,8.9,0.369,0.455,0.152,0.391,0.667,0.414,-0.2
242,Luigi Datome,2014,2015,TOT,NBA,#N/A,55,1,447,6.2,15,4.2,8.6,2,6.4,0.7,0.9,1.4,4.7,6,1.6,0.6,0.6,1.6,2.8,15.1,0.414,0.486,0.316,0.481,0.818,0.493,0.3
213,Luke Babbitt,2011,2013,POR,NBA,SF,126,4,1404,4.4,11.8,1.6,4.3,2.8,7.5,0.8,1.1,0.9,5.8,6.7,1.3,0.7,0.3,1.5,3.7,12.4,0.372,0.381,0.367,0.489,0.714,0.502,1
218,Luke Harangody,2011,2012,TOT,NBA,PF,70,1,871,4.2,11.2,3.3,7.6,0.9,3.6,1.2,1.6,2.5,5.6,8.1,1.5,0.9,0.8,0.8,4,10.5,0.376,0.44,0.241,0.415,0.737,0.44,0.9
329,Luke Zeller,2013,2013,PHO,NBA,#N/A,16,0,58,5.6,16.1,5,13,0.6,3.1,0,0,0.6,5.6,6.2,1.9,0,0,0,3.1,11.8,0.346,0.381,0.2,0.365,,0.365,-0.1
345,Maalik Wayns,2013,2014,TOT,NBA,#N/A,29,1,211,4.6,15.4,3.4,10.1,1.2,5.3,2.9,3.2,0.2,1.4,1.5,4.9,1.4,0,2.6,5.1,13.3,0.3,0.339,0.226,0.339,0.895,0.397,-0.3
238,Malcolm Lee,2012,2015,TOT,NBA,SG,36,12,534,3.5,9.2,2.8,6.9,0.7,2.3,1.8,2.5,1.6,2.8,4.4,3.4,1.3,0.7,1.8,3.5,9.4,0.382,0.412,0.294,0.419,0.703,0.46,0.4
306,Malcolm Thomas,2012,2014,TOT,NBA,PF,23,0,135,3.2,7.7,2.9,6.7,0.3,1.1,1.6,3.2,2.9,7.7,10.7,1.9,0.8,1.6,3.2,3.5,8.3,0.414,0.44,0.25,0.431,0.5,0.452,0
245,Manny Harris,2011,2014,TOT,NBA,SG,89,20,1569,4.5,11.7,3.3,8.3,1.2,3.4,2.8,3.8,1.2,4.4,5.6,2.9,1.1,0.3,2.3,2.4,13,0.385,0.396,0.358,0.437,0.744,0.488,0.3
281,Marcus Cousin,2011,2011,UTA,NBA,#N/A,4,0,18,4,6,4,6,0,0,0,0,0,6,6,0,0,2,2,2,8,0.667,0.667,,0.667,,0.667,0
319,Marcus Landry,2010,2010,TOT,NBA,#N/A,18,0,111,5.2,13.9,2.3,4.9,2.9,9.1,1,1.6,1.6,4.5,6.2,0,0.3,0.6,1.9,4.5,14.3,0.372,0.467,0.321,0.477,0.6,0.487,-0.1
99,Marcus Morris,2012,2014,TOT,NBA,PF,176,24,3450,5.5,12.8,3.5,7.5,2,5.3,2,3,1.8,4.6,6.4,1.6,1.2,0.4,1.8,3.4,14.9,0.427,0.47,0.367,0.503,0.68,0.528,5.8
37,Marcus Thornton,2010,2012,TOT,NBA,SG,197,91,5427,7.3,16.5,5.2,10.8,2.1,5.7,2.9,3.5,1.4,2.9,4.4,2.3,1.3,0.2,1.7,2.3,19.5,0.441,0.483,0.362,0.504,0.821,0.54,11.3
60,Markieff Morris,2012,2014,PHO,NBA,PF,226,39,5217,5.9,13.3,5,10.8,0.8,2.5,3,3.9,2.3,5.7,8,2.2,1.3,1.1,2.2,4.3,15.5,0.44,0.465,0.333,0.472,0.764,0.516,9.6
358,Marquis Teague,2013,2014,TOT,NBA,PG,88,3,835,3.5,10,3.1,8.2,0.4,1.8,1.5,2.2,0.2,3.4,3.6,5.2,0.8,0.5,3.2,4,8.9,0.349,0.377,0.22,0.369,0.686,0.405,-0.8
164,MarShon Brooks,2012,2014,TOT,NBA,SG,164,49,2876,6.1,13.8,5.1,10.9,0.9,2.9,2.7,3.6,1.4,3.1,4.5,2.9,1.3,0.4,2.6,2.9,15.8,0.442,0.472,0.326,0.476,0.748,0.514,2.5
18,Mason Plumlee,2014,2016,TOT,NBA,C,234,149,5102,5.3,9.2,5.3,9.2,0,0.1,3.5,6,3.4,6.9,10.2,2.5,1.3,1.4,2.4,4.5,14,0.57,0.575,0,0.57,0.583,0.591,15.5
76,Matthew Dellavedova,2014,2016,CLE,NBA,#N/A,215,31,4518,3.5,8.9,1.7,4.4,1.8,4.5,1,1.2,0.8,2.5,3.3,5.8,0.8,0.1,1.9,3.6,9.8,0.395,0.392,0.398,0.495,0.816,0.52,7.8
106,Maurice Harkless,2013,2015,ORL,NBA,#N/A,201,104,4598,4.3,9.4,3.5,6.9,0.8,2.6,1.4,2.4,1.8,3.7,5.5,1.2,1.7,0.9,1.4,2.7,10.8,0.454,0.508,0.309,0.496,0.577,0.512,5.5
96,Meyers Leonard,2013,2015,POR,NBA,C,164,16,2408,4.7,9.2,4,7.3,0.7,1.9,1.8,2.1,2.3,6.9,9.2,1.2,0.4,0.9,1.5,5.3,12,0.517,0.547,0.4,0.558,0.831,0.594,5.9
149,Michael Carter-Williams,2014,2016,TOT,NBA,PG,190,170,6212,6,14.7,5.4,12.2,0.6,2.4,3.3,4.8,1.2,4.9,6.2,6.7,1.9,0.7,3.8,3.1,16,0.412,0.443,0.255,0.433,0.69,0.477,3.3
61,Michael Kidd-Gilchrist,2013,2015,TOT,NBA,SF,195,191,5114,4.7,10.2,4.7,10.1,0,0.1,2.8,4.1,2.5,6,8.4,1.7,0.9,1,1.6,3,12.3,0.464,0.468,0.167,0.465,0.689,0.513,9
252,Mickell Gladness,2012,2012,TOT,NBA,#N/A,26,7,252,3.6,8.4,3.6,8.4,0,0,0.9,1.7,2,6.3,8.3,0.7,0.6,2.9,1,4.6,8,0.424,0.424,,0.424,0.5,0.436,0.2
142,Mike Muscala,2014,2016,ATL,NBA,PF,120,8,1282,5.3,10.6,4.7,8.8,0.6,1.8,1.9,2.2,3,5.1,8.1,1.9,0.9,1.6,1.7,4.3,13.1,0.505,0.542,0.328,0.533,0.859,0.57,3.7
91,Mike Scott,2013,2015,ATL,NBA,PF,188,7,2981,6.9,14.8,5.4,10.1,1.5,4.7,2.5,3.2,1.8,5.4,7.2,2,0.7,0.1,1.7,2.9,17.9,0.466,0.532,0.326,0.518,0.781,0.55,6.1
85,Miles Plumlee,2013,2015,TOT,NBA,C,167,107,3213,4.8,9.3,4.8,9.3,0,0,1.1,2,3.6,7.2,10.8,0.9,1,1.8,1.8,3.4,10.7,0.516,0.516,,0.516,0.544,0.525,6.5
212,Miroslav Raduljica,2014,2015,TOT,NBA,#N/A,53,2,488,5.2,9.9,5.2,9.9,0,0,3.5,4.2,4.1,4.2,8.3,1.7,0.6,1,2.2,6.8,13.9,0.53,0.53,,0.53,0.825,0.594,1.1
134,Mirza Teletovic,2013,2015,BRK,NBA,#N/A,165,11,2787,5.3,13.3,2.3,4.9,3,8.4,1.1,1.5,1.6,5.6,7.2,1.6,0.7,0.6,1.6,3.5,14.8,0.401,0.467,0.362,0.515,0.723,0.529,4.1
349,Mustafa Shakur,2011,2014,TOT,NBA,#N/A,25,0,170,4.4,13.1,4.2,10.8,0.2,2.3,1.9,3.6,1.5,3.2,4.7,6.1,1.1,0.6,4.2,3.6,11,0.339,0.392,0.091,0.347,0.529,0.374,-0.5
340,Mychel Thompson,2012,2012,CLE,NBA,#N/A,5,3,95,2.7,9.1,1.1,4.9,1.5,4.2,0,0,0,1.9,1.9,2.7,0.8,0.4,1.9,3,6.8,0.292,0.231,0.364,0.375,,0.375,-0.2
168,Nando De Colo,2013,2014,TOT,NBA,#N/A,119,9,1414,4.3,10,3.1,6.6,1.2,3.4,1.7,2,0.9,4.4,5.4,5.2,1.6,0.3,3,3.4,11.5,0.429,0.463,0.363,0.491,0.835,0.528,2.4
217,Nate Wolters,2014,2015,TOT,NBA,PG,79,31,1556,4.4,10.3,4,8.7,0.4,1.6,1.4,2.2,0.9,3.3,4.2,4.8,1,0.4,1.6,2,10.6,0.426,0.456,0.261,0.446,0.635,0.47,1
347,Nemanja Nedovic,2014,2014,GSW,NBA,#N/A,24,0,142,2,9.9,1.3,5.3,0.8,4.6,1.8,2,0.8,3,3.8,3.3,0,0.3,3.3,3.3,6.6,0.205,0.238,0.167,0.244,0.875,0.306,-0.4
162,Nick Calathes,2014,2015,MEM,NBA,#N/A,129,7,2011,4.4,10,3.9,8.1,0.5,1.9,1.2,2.1,0.8,3.6,4.4,6.3,2.3,0.2,2.9,3.9,10.6,0.441,0.476,0.288,0.468,0.581,0.484,2.6
35,Nikola Pekovic,2011,2013,MIN,NBA,#N/A,174,108,4110,6.8,12.8,6.8,12.8,0,0,4.1,5.5,4.4,5.1,9.5,1,0.8,1,2.4,3.7,17.7,0.533,0.533,,0.533,0.747,0.583,11.8
34,Nikola Vucevic,2012,2014,TOT,NBA,C,185,149,5183,6.6,13,6.5,13,0,0.1,1.5,2.1,3.8,8.6,12.4,1.9,1,1.1,2,3.5,14.6,0.504,0.505,0.273,0.505,0.704,0.524,11.9
357,Nolan Smith,2012,2013,POR,NBA,PG,84,4,829,4.7,12.8,3.9,9.6,0.8,3.2,1.7,2.4,1,2.6,3.6,4.2,1.1,0.2,3.1,3.5,12,0.371,0.407,0.26,0.403,0.714,0.435,-0.8
184,Norris Cole,2012,2014,MIA,NBA,PG,227,12,4864,4.2,10.2,3.3,7.6,0.9,2.6,1.3,1.7,0.4,2.4,2.8,4,1.3,0.1,2.5,3.2,10.5,0.409,0.435,0.333,0.452,0.734,0.478,1.8
257,Ognjen Kuzmic,2014,2015,GSW,NBA,#N/A,37,0,164,2.9,5.5,2.9,5.5,0,0,2,3.3,3.7,4.6,8.3,1.8,1.1,1.1,3.3,6.6,7.7,0.52,0.52,,0.52,0.6,0.554,0.2
296,Oliver Lafayette,2010,2010,BOS,NBA,#N/A,1,0,22,4.9,9.8,3.3,6.5,1.6,3.3,0,0,1.6,4.9,6.5,3.3,0,0,1.6,0,11.5,0.5,0.5,0.5,0.583,,0.583,0
43,Omer Asik,2011,2013,TOT,NBA,#N/A,230,84,4424,4,7.4,4,7.4,0,0,2.3,4.5,4.2,8.9,13.1,1.1,0.8,1.7,2.5,4,10.3,0.537,0.537,0,0.537,0.527,0.55,10.8
88,Omri Casspi,2010,2012,TOT,NBA,SF,213,93,4974,5,11.8,3.4,7.3,1.6,4.5,1.9,2.8,1.5,4.9,6.4,1.7,1,0.4,1.7,2.6,13.5,0.424,0.465,0.356,0.491,0.676,0.517,6.2
204,Orlando Johnson,2013,2016,TOT,NBA,SG,103,1,1112,3.8,10.6,2.3,5.7,1.5,4.9,1.6,2.1,1.1,4.8,5.8,2.2,0.6,0.5,1.6,2.8,10.7,0.358,0.398,0.311,0.43,0.727,0.462,1.4
221,Othyus Jeffers,2010,2014,TOT,NBA,#N/A,37,2,442,3.7,8.1,3.7,7.7,0.1,0.5,3.7,5.6,2.8,5,7.7,1.8,1.7,0,1.7,3.7,11.3,0.46,0.479,0.167,0.465,0.667,0.533,0.8
67,Otto Porter,2014,2016,WAS,NBA,SF,186,86,4027,4.9,10.7,3.7,7.2,1.2,3.5,1.4,1.9,1.7,4.3,6,1.7,1.4,0.6,1.2,2.6,12.5,0.457,0.509,0.349,0.514,0.742,0.538,8.3
62,Pablo Prigioni,2013,2015,TOT,NBA,#N/A,211,48,3743,2.7,6.1,1,1.9,1.7,4.2,0.7,0.8,1,2.7,3.8,6.1,2.1,0,2,3.3,7.7,0.437,0.523,0.398,0.574,0.872,0.595,8.9
304,Pape Sy,2011,2011,ATL,NBA,#N/A,3,0,21,3.4,10.3,3.4,8.6,0,1.7,5.1,5.1,3.4,1.7,5.1,3.4,1.7,0,5.1,1.7,12,0.333,0.4,0,0.333,1,0.478,0
53,Patrick Beverley,2013,2015,HOU,NBA,#N/A,153,110,4191,4.1,10.3,2.1,4.5,2.1,5.8,1.4,1.7,1.6,3.1,4.7,4,1.5,0.6,1.7,3.8,11.8,0.401,0.453,0.361,0.502,0.798,0.53,9.9
313,Patrick Ewing,2011,2011,NOH,NBA,#N/A,7,0,19,0,9.5,0,5.7,0,3.8,5.7,7.6,1.9,1.9,3.8,3.8,0,1.9,1.9,1.9,5.7,0,0,0,0,0.75,0.222,-0.1
193,Patrick Mills,2010,2012,TOT,NBA,PG,90,3,1082,6.9,16,4.5,9.6,2.4,6.4,1.8,2.3,0.8,1.9,2.7,5.1,1.2,0.1,3.1,2.8,18.1,0.432,0.467,0.378,0.507,0.797,0.531,1.6
69,Patrick Patterson,2011,2013,TOT,NBA,PF,187,48,4126,6,12.2,5.6,11,0.4,1.2,1,1.4,2.7,4.5,7.2,1.5,0.7,1,1.2,2.9,13.6,0.495,0.508,0.372,0.513,0.728,0.528,8.1
12,Paul George,2011,2013,IND,NBA,SF,206,164,6195,5.5,12.8,3.8,8,1.7,4.9,2.6,3.2,1.1,5.9,7,3.2,1.8,0.7,2.4,3.2,15.4,0.431,0.476,0.358,0.499,0.797,0.54,17.4
153,Pero Antic,2014,2015,ATL,NBA,#N/A,113,29,1962,4.2,10.8,2.3,4.5,2,6.3,2.5,3.5,2.1,5.2,7.3,2,0.7,0.5,1.9,4.7,13,0.392,0.5,0.314,0.483,0.73,0.526,3
190,Perry Jones,2013,2015,OKC,NBA,SF,143,21,1675,4.2,10,3.4,7.3,0.8,2.6,1.3,2,1,4.4,5.4,1.2,0.8,0.7,1.3,2.9,10.5,0.42,0.466,0.293,0.459,0.66,0.483,1.7
339,Peyton Siva,2014,2014,DET,NBA,SG,24,0,224,2.9,9.2,1.8,5.1,1.1,4,1.8,2.4,0.3,1.9,2.3,5.5,1.4,0.2,2.9,4.3,8.7,0.316,0.344,0.28,0.377,0.733,0.425,-0.2
223,Phil Pressey,2014,2016,TOT,NBA,PG,148,11,2015,3.1,9,2.2,5.6,0.9,3.4,1.3,2.1,0.6,3.2,3.9,7.7,2.1,0.3,2.9,3.2,8.3,0.341,0.392,0.254,0.388,0.63,0.419,0.8
130,Quincy Acy,2013,2015,TOT,NBA,PF,160,22,2476,3.8,8,3.4,6.8,0.3,1.1,2.1,2.7,2.6,6,8.6,1.6,0.9,0.9,1.6,4.7,10,0.475,0.504,0.299,0.496,0.755,0.544,4.3
321,Quincy Miller,2013,2015,TOT,NBA,PF,69,16,934,4.1,11.8,2.9,7.4,1.3,4.4,1.9,2.6,1.6,4.9,6.5,1.4,1.2,1.4,2.1,3.2,11.4,0.35,0.383,0.292,0.404,0.706,0.439,-0.1
97,Quincy Pondexter,2011,2013,TOT,NBA,#N/A,189,15,2979,3.7,8.7,2.5,5.4,1.2,3.3,1.4,2,1.5,2.7,4.2,1.4,1,0.3,1.1,3,10.1,0.43,0.472,0.364,0.5,0.716,0.528,5.9
178,Ray McCallum,2014,2016,TOT,NBA,PG,154,46,2808,4.8,11.7,3.9,9,0.9,2.7,1.3,1.8,1,2.9,3.9,4.7,1,0.3,1.9,2.4,11.8,0.408,0.43,0.335,0.447,0.711,0.47,2.1
195,Reggie Bullock,2014,2016,TOT,NBA,SF,116,2,1162,3.4,9,1.6,3.6,1.8,5.3,0.8,1,0.8,4.5,5.3,1.5,0.9,0.2,0.9,2.3,9.5,0.381,0.436,0.343,0.483,0.818,0.504,1.5
77,Reggie Jackson,2012,2014,OKC,NBA,#N/A,195,36,3771,5.8,13.4,4.6,9.4,1.1,3.9,2.2,2.6,0.7,4.3,5.1,5,1.3,0.2,2.5,2.5,14.9,0.431,0.488,0.292,0.474,0.877,0.514,7.6
103,Reggie Williams,2010,2012,TOT,NBA,#N/A,137,32,3155,5.9,12.7,3.9,7.6,1.9,5,2.1,2.7,1,3.8,4.8,2.8,0.8,0.1,1.4,2.4,15.7,0.463,0.516,0.382,0.539,0.767,0.567,5.7
353,Ricky Ledo,2014,2015,TOT,NBA,SG,28,0,277,4.9,14.7,3.2,10.1,1.7,4.5,2.6,3.4,2.1,2.9,4.9,2.7,0.9,0.1,3.6,3,14.2,0.336,0.321,0.371,0.394,0.769,0.438,-0.6
42,Ricky Rubio,2012,2014,MIN,NBA,#N/A,180,160,5733,3.6,9.9,3,7.9,0.6,2,3.5,4.4,0.8,3.9,4.7,9.2,2.6,0.2,3.3,2.9,11.5,0.368,0.38,0.323,0.401,0.801,0.485,10.9
180,Robbie Hummel,2014,2015,MIN,NBA,SF,98,9,1397,3.8,9,2.5,5.4,1.2,3.6,1,1.2,1.7,5.2,6.9,1.3,0.8,0.3,0.7,3.7,9.8,0.418,0.469,0.343,0.487,0.867,0.514,1.9
92,Robert Covington,2014,2016,TOT,NBA,SF,144,98,3893,5.4,13.7,2.2,5,3.2,8.7,2.9,3.6,1.2,5.6,6.8,1.9,1.9,0.7,2.5,3.9,16.8,0.391,0.438,0.363,0.506,0.807,0.549,6
179,Robert Sacre,2013,2015,LAL,NBA,#N/A,164,34,2425,4.3,9.7,4.3,9.7,0,0,1.9,2.8,2.7,5.1,7.7,1.7,0.8,1.5,1.3,4.3,10.4,0.439,0.44,0,0.439,0.674,0.475,2.1
128,Rodrigue Beaubois,2010,2012,DAL,NBA,PG,137,54,2347,6.7,14.8,5,9.8,1.7,5,1.9,2.3,0.6,3.7,4.3,4.4,1.6,0.7,2.6,4,16.9,0.452,0.512,0.332,0.508,0.815,0.535,4.4
309,Royce White,2014,2014,SAC,NBA,PF,3,0,9,0,4,0,4,0,0,0,0,0,0,0,0,0,0,0,8,0,0,0,,0,,0,0
16,Rudy Gobert,2014,2016,UTA,NBA,C,188,97,4524,3.9,6.8,3.9,6.8,0,0,2.9,4.9,4.2,8.5,12.7,1.6,0.9,2.9,2,3.1,10.7,0.575,0.577,0,0.575,0.585,0.597,16.1
156,Ryan Kelly,2014,2016,LAL,NBA,PF,147,59,3015,3.8,9.9,2.6,6.2,1.2,3.7,2.7,3.4,0.9,4.9,5.8,2.5,0.9,0.9,1.2,3.6,11.4,0.381,0.422,0.313,0.44,0.796,0.501,3
271,Ryan Reid,2012,2012,OKC,NBA,#N/A,5,0,17,8.5,10.6,8.5,10.6,0,0,0,0,2.1,2.1,4.2,0,0,0,2.1,2.1,16.9,0.8,0.8,,0.8,,0.8,0.1
131,Sam Young,2010,2012,TOT,NBA,SF,193,49,3273,5.5,12.3,5.2,10.9,0.4,1.4,2.7,3.5,1.5,3.4,4.9,1.5,1.3,0.5,1.9,2.7,14.1,0.449,0.471,0.268,0.464,0.77,0.509,4.3
229,Samardo Samuels,2011,2013,CLE,NBA,#N/A,109,11,1722,5,11.1,5,11,0,0.1,3.4,5.2,3.1,4.6,7.7,0.9,0.8,0.9,2.4,4.8,13.3,0.445,0.449,0,0.445,0.653,0.497,0.6
320,Scott Machado,2013,2013,HOU,NBA,PG,6,0,21,5.1,10.3,5.1,8.6,0,1.7,3.4,3.4,0,1.7,1.7,10.3,3.4,0,13.7,0,13.7,0.5,0.6,0,0.5,1,0.581,-0.1
316,Scotty Hopson,2014,2014,CLE,NBA,SG,2,0,7,0,20.6,0,10.3,0,10.3,5.1,10.3,0,0,0,5.1,5.1,0,0,0,5.1,0,0,0,0,0.5,0.102,-0.1
185,Semih Erden,2011,2012,TOT,NBA,#N/A,69,17,928,3.9,7.2,3.9,7.2,0,0,2.3,3.9,2.2,5.2,7.4,1.1,1,1.1,1.9,6.4,10.2,0.546,0.546,,0.546,0.594,0.571,1.8
11,Serge Ibaka,2010,2012,OKC,NBA,#N/A,221,110,5331,5.4,10,5.4,9.9,0,0,1.9,2.7,3.7,6.6,10.2,0.4,0.6,3.6,1.5,4.3,12.6,0.54,0.541,0.333,0.541,0.695,0.567,17.5
222,Sergey Karasev,2014,2016,TOT,NBA,#N/A,95,22,1110,3.1,7.9,2.1,4.3,1,3.6,2.1,2.5,1,3.6,4.5,2.8,1,0.1,1.8,3,9.3,0.395,0.489,0.282,0.459,0.842,0.519,0.8
202,Seth Curry,2014,2016,TOT,NBA,PG,48,9,713,5.2,11.6,2.6,5.9,2.6,5.7,2.3,2.7,0.5,2.7,3.2,3.4,1.2,0.2,1.8,2.2,15.2,0.448,0.444,0.451,0.559,0.833,0.595,1.4
116,Shabazz Muhammad,2014,2016,MIN,NBA,SG,157,13,2838,7.2,15.2,6.4,12.5,0.8,2.7,4,5.4,2.4,3.6,6,1.3,0.6,0.2,1.5,2.1,19.3,0.473,0.507,0.313,0.5,0.738,0.546,5
283,Shane Edwards,2014,2014,CLE,NBA,#N/A,2,0,12,3,9,3,9,0,0,0,0,3,3,6,0,0,0,3,3,6,0.333,0.333,,0.333,,0.333,0
157,Shane Larkin,2014,2016,TOT,NBA,PG,202,39,4105,4,9.4,3.3,7.1,0.8,2.3,1.4,1.8,0.6,2.9,3.5,5.6,1.9,0.2,2.4,2.8,10.2,0.43,0.464,0.328,0.471,0.762,0.502,3
146,Shelvin Mack,2012,2014,TOT,NBA,PG,168,14,2685,4.8,11.4,3.5,7.7,1.2,3.7,1.5,2,0.5,3.4,3.9,6.3,1.2,0.1,2.3,2.5,12.3,0.419,0.46,0.335,0.473,0.772,0.502,3.5
332,Sherron Collins,2011,2011,CHA,NBA,PG,20,0,66,3.8,13.6,2.7,8.2,1.1,5.5,0.5,0.5,0,2.7,2.7,4.4,1.1,0,2.2,1.1,9.3,0.28,0.333,0.2,0.32,1,0.334,-0.2
275,Solomon Alabi,2011,2012,TOR,NBA,C,26,0,181,3.2,10.1,3.2,10.1,0,0,1.4,2,4.4,7.8,12.1,1,0.8,2.2,1.6,3.2,7.8,0.314,0.314,,0.314,0.7,0.352,0
93,Solomon Hill,2014,2016,IND,NBA,SF,169,81,3473,3.7,9.1,2.7,6,1,3.2,2.1,2.5,1.2,4.2,5.4,2.6,1.1,0.3,1.7,2.7,10.6,0.409,0.454,0.325,0.465,0.831,0.517,6
26,Stephen Curry,2010,2012,GSW,NBA,PG,180,174,6117,6.9,14.7,4.7,9.7,2.2,5,2.5,2.8,0.7,3.6,4.3,6.1,1.8,0.3,3.1,3.2,18.6,0.473,0.489,0.441,0.547,0.901,0.584,13.5
25,Steven Adams,2014,2016,OKC,NBA,C,231,167,4982,4.1,7.3,4.1,7.3,0,0,2.1,3.9,4,6,10,1.2,0.9,1.7,1.8,4.7,10.4,0.565,0.566,0,0.565,0.551,0.577,13.5
203,Sundiata Gaines,2010,2012,TOT,NBA,#N/A,113,12,1311,5,12.6,3.8,8.6,1.2,4,2.7,4.9,1.3,3.5,4.8,5.7,2.3,0.1,2.6,2.7,13.9,0.397,0.442,0.301,0.445,0.562,0.474,1.4
22,Taj Gibson,2010,2012,CHI,NBA,PF,225,89,5230,5.1,10.6,5.1,10.5,0,0.1,2,3.2,3.6,6,9.6,1.2,0.8,2,1.7,4.2,12.3,0.485,0.487,0.125,0.486,0.648,0.515,14.4
289,Taylor Griffin,2010,2010,PHO,NBA,#N/A,8,0,32,4.5,11.3,4.5,9,0,2.3,2.3,4.5,0,2.3,2.3,1.1,0,2.3,1.1,4.5,11.3,0.4,0.5,0,0.4,0.5,0.425,0
352,Terrel Harris,2012,2013,TOT,NBA,#N/A,42,1,455,2.6,8.7,2,5,0.6,3.7,1.7,2.5,1.7,4.4,6.1,2.8,0.9,0.4,3.3,4,7.5,0.3,0.397,0.17,0.336,0.677,0.384,-0.6
41,Terrence Jones,2013,2015,HOU,NBA,PF,128,95,3243,6.5,12.3,6,10.5,0.5,1.7,2.1,3.4,3,6,9,1.5,0.9,2,1.3,2.6,15.7,0.531,0.568,0.312,0.553,0.614,0.569,11
78,Terrence Ross,2013,2015,TOR,NBA,SG,236,125,5490,5.3,12.9,2.9,6.3,2.4,6.5,1,1.3,0.7,3.4,4.1,1.4,1,0.4,1.3,2.9,14.1,0.415,0.457,0.373,0.509,0.796,0.526,7.5
350,Terrence Williams,2010,2012,TOT,NBA,SG,129,9,2604,5.4,13.3,4.6,11,0.7,2.3,2,2.9,0.9,6.1,6.9,4.5,1,0.2,2.8,2.6,13.5,0.404,0.422,0.315,0.431,0.682,0.461,-0.5
151,Thomas Robinson,2013,2015,TOT,NBA,PF,194,4,2727,5.3,11.5,5.3,11.5,0,0.1,2.2,4.2,4.3,8,12.2,1.5,1.3,0.9,2.7,4.7,12.9,0.463,0.466,0,0.463,0.538,0.484,3.1
20,Tiago Splitter,2011,2013,SAS,NBA,#N/A,200,66,3856,5.9,10.2,5.9,10.2,0,0,3.8,5.7,2.9,6.7,9.5,2.1,1.1,1.2,2,3.6,15.5,0.572,0.574,0,0.572,0.675,0.61,15.1
98,Tim Hardaway,2014,2016,TOT,NBA,SG,202,32,4420,5.6,13.6,3.2,6.6,2.4,7,2.3,2.8,0.3,2.6,3,2,0.7,0.2,1.2,2.5,15.9,0.412,0.476,0.35,0.501,0.826,0.537,5.8
326,Tim Ohlbrecht,2013,2013,HOU,NBA,#N/A,3,0,12,3,9,3,9,0,0,3,3,0,3,3,3,3,0,12,3,9,0.333,0.333,,0.333,1,0.436,-0.1
169,Timofey Mozgov,2011,2013,TOT,NBA,#N/A,130,50,1577,4.7,9.4,4.7,9.3,0,0,2.2,3.1,3.4,5.9,9.3,1.1,0.8,1.9,2.6,5.2,11.6,0.505,0.507,0,0.505,0.711,0.543,2.4
80,Tobias Harris,2012,2014,TOT,NBA,SF,158,79,3628,6.4,13.9,5.7,11.3,0.7,2.6,3.4,4.3,1.9,6.2,8.1,1.7,0.9,0.7,1.7,3.1,16.9,0.461,0.502,0.28,0.487,0.791,0.536,7.4
102,Toney Douglas,2010,2012,NYK,NBA,PG,175,30,3714,5.7,13.9,3.4,7.4,2.3,6.5,1.6,1.9,1.2,2.9,4.1,4.2,1.6,0.1,1.9,3.4,15.3,0.409,0.459,0.353,0.492,0.806,0.516,5.7
258,Tony Mitchell,2014,2014,DET,NBA,PF,21,0,79,2.3,5.5,1.8,5,0.5,0.5,5,8.7,6.8,5,11.8,0.9,2.7,1.4,1.8,4.1,10,0.417,0.364,1,0.458,0.579,0.54,0.2
127,Tony Snell,2014,2016,CHI,NBA,SG,213,67,3944,3.8,9.5,2.1,4.7,1.7,4.8,1,1.2,0.6,3.9,4.6,1.8,0.7,0.4,1.3,2.5,10.2,0.396,0.442,0.351,0.485,0.814,0.507,4.5
351,Tony Wroten,2013,2015,TOT,NBA,PG,137,31,2932,6.8,16.3,5.8,12.1,1,4.2,4.3,6.6,1.3,2.9,4.2,5.1,1.6,0.3,4.2,3.2,18.9,0.416,0.481,0.234,0.447,0.654,0.492,-0.5
338,Tornike Shengelia,2013,2014,TOT,NBA,#N/A,45,0,247,3.4,7.4,3.2,6.3,0.1,1.2,1.7,3.5,1.9,3.8,5.7,2.5,0.9,0.3,3.4,4.2,8.6,0.451,0.512,0.125,0.461,0.5,0.479,-0.2
324,Toure' Murry,2014,2015,TOT,NBA,#N/A,56,0,391,5.3,12.3,4.9,11.2,0.5,1.1,2.3,3.8,1.3,2.9,4.1,4.6,1.8,0.1,3.5,4.4,13.4,0.433,0.434,0.417,0.451,0.61,0.48,-0.1
268,Travis Leslie,2012,2012,LAC,NBA,SG,10,0,45,4,11.2,4,11.2,0,0,3.2,7.2,4.8,2.4,7.2,4,1.6,1.6,1.6,3.2,11.2,0.357,0.357,,0.357,0.444,0.39,0.1
73,Trevor Booker,2011,2013,WAS,NBA,PF,163,60,3211,4.8,9.1,4.8,9,0,0.1,1.8,3,3.5,5.6,9.1,1.3,1.2,1.1,1.4,3.9,11.4,0.526,0.53,0.125,0.526,0.617,0.548,7.9
108,Trey Burke,2014,2016,UTA,NBA,PG,210,111,5916,5.9,15.4,4,9.5,2,6,1.7,2.1,0.5,2.7,3.2,5.3,0.9,0.2,2,2.1,15.5,0.384,0.418,0.329,0.447,0.818,0.474,5.4
287,Trey Gilder,2010,2010,MEM,NBA,#N/A,2,0,5,7.2,7.2,7.2,7.2,0,0,0,0,0,7.2,7.2,0,7.2,0,0,0,14.4,1,1,,1,,1,0
307,Trey Thompkins,2012,2012,LAC,NBA,C,24,0,119,7.3,18.5,6.1,14.5,1.2,3.9,1.5,2.1,1.2,6.1,7.3,0.9,0.9,0.9,1.8,3,17.2,0.393,0.417,0.308,0.426,0.714,0.445,0
33,Tristan Thompson,2012,2014,CLE,NBA,PF,224,189,6582,5.2,10.9,5.2,10.9,0,0,2.8,4.5,4.2,6.3,10.5,1.1,0.7,0.9,1.7,3,13.2,0.473,0.474,0,0.473,0.63,0.51,12.1
196,Troy Daniels,2014,2016,TOT,NBA,#N/A,95,1,948,6.3,14.5,1.9,4.5,4.3,10.1,0.6,0.8,0.6,3,3.6,1.8,0.6,0.2,1.8,3.3,17.5,0.431,0.432,0.43,0.58,0.727,0.586,1.5
13,Ty Lawson,2010,2012,DEN,NBA,PG,206,100,5545,6,12,4.8,9,1.1,2.9,3,3.8,1.1,2.6,3.6,6.4,1.4,0.1,2.4,2.1,16.1,0.499,0.536,0.388,0.547,0.785,0.589,17.3
66,Tyler Hansbrough,2010,2012,IND,NBA,PF,165,30,3488,5.8,13.6,5.8,13.5,0,0.1,5.2,6.6,3.3,4.9,8.2,1,1.1,0.3,1.7,4,16.8,0.425,0.427,0,0.425,0.787,0.508,8.4
315,Tyler Honeycutt,2012,2013,SAC,NBA,SF,24,0,120,3.3,10.5,3,9,0.3,1.5,1.5,2.1,1.8,5.4,7.2,2.7,1.2,1.2,2.1,1.5,8.4,0.314,0.333,0.2,0.329,0.714,0.368,-0.1
40,Tyler Zeller,2013,2015,TOT,NBA,C,229,123,4813,5.5,11,5.5,10.9,0,0,2.7,3.5,3.1,5.8,8.9,1.8,0.5,1.2,1.7,4.4,13.8,0.505,0.506,0,0.505,0.776,0.551,11.1
55,Tyreke Evans,2010,2012,SAC,NBA,SG,192,186,6946,6.9,15.5,6.3,13.5,0.5,2,3.9,5.1,0.9,4,4.9,5.3,1.4,0.4,3,2.5,18.1,0.441,0.469,0.255,0.458,0.762,0.51,9.7
359,Tyshawn Taylor,2013,2014,BRK,NBA,PG,61,3,491,4.6,13.1,4,11.2,0.7,1.8,2.9,4.2,0.4,2.1,2.4,4.2,1.8,0.1,4.1,4,12.8,0.354,0.353,0.36,0.379,0.684,0.428,-0.9
341,Vander Blue,2014,2015,TOT,NBA,SG,5,1,89,4.4,13.8,3.6,9.3,0.8,4.4,1.2,4,0.8,4,4.9,3.6,1.2,0,3.2,2,10.9,0.324,0.391,0.182,0.353,0.3,0.352,-0.3
234,Vernon Macklin,2012,2012,DET,NBA,#N/A,23,0,135,5.1,9.3,5.1,9.3,0,0,2.1,3.7,3.7,5.3,9.1,1.3,1.1,1.1,0.8,2.4,12.3,0.543,0.543,,0.543,0.571,0.559,0.5
237,Viacheslav Kravtsov,2013,2014,TOT,NBA,#N/A,45,0,283,5.2,7.8,5.2,7.8,0,0,1.9,5.7,4.2,3.7,7.9,1.3,0.6,1.3,2.5,5,12.3,0.672,0.672,,0.672,0.333,0.6,0.4
250,Victor Claver,2013,2015,POR,NBA,#N/A,80,16,1072,3.4,8.4,2.2,4.5,1.1,3.9,0.8,1.4,1.4,4.5,6,1.9,1,0.5,1.9,3.5,8.7,0.398,0.489,0.293,0.466,0.585,0.479,0.2
57,Victor Oladipo,2014,2016,ORL,NBA,PG,224,167,7439,6.2,14.5,5,10.8,1.2,3.7,3.5,4.3,0.7,4,4.7,4.4,1.8,0.5,3,2.8,17.2,0.431,0.462,0.339,0.474,0.808,0.525,9.7
244,Vitor Faverani,2014,2014,BOS,NBA,#N/A,37,8,488,4.7,10.8,3.8,7.9,0.9,3,1.8,2.7,3.1,6.3,9.4,1.2,1,2,3,5.5,12.1,0.435,0.486,0.3,0.476,0.649,0.502,0.3
348,Walker Russell,2012,2012,DET,NBA,#N/A,28,0,357,3.3,9.6,2.9,8.3,0.4,1.3,1.4,2.2,0.7,1.9,2.6,5.8,1.8,0.1,3.3,2.9,8.5,0.347,0.354,0.308,0.368,0.636,0.401,-0.4
197,Wayne Ellington,2010,2012,MIN,NBA,SG,189,13,3538,4.8,11.7,3.3,7.7,1.5,4,1.4,1.7,0.7,3,3.7,1.8,0.8,0.2,1.6,2.2,12.5,0.412,0.43,0.376,0.476,0.828,0.503,1.5
182,Wesley Johnson,2011,2013,TOT,NBA,SF,194,148,4491,4.7,11.8,3.1,6.9,1.7,4.9,0.9,1.3,0.8,3.6,4.3,1.9,0.9,1,1.6,2.7,12,0.4,0.445,0.336,0.47,0.714,0.485,1.9
15,Wesley Matthews,2010,2012,TOT,NBA,#N/A,230,170,7011,5.3,11.8,3.5,7.3,1.8,4.5,2.9,3.5,0.8,2.7,3.5,2.1,1.3,0.2,1.6,2.5,15.3,0.445,0.477,0.393,0.52,0.844,0.57,16.6
201,Will Barton,2013,2015,TOT,NBA,SG,172,5,2264,5.3,13,4.6,10.1,0.7,2.9,2.4,3,1.2,4.8,6.1,2.7,1.4,0.6,2.2,2.5,13.6,0.407,0.458,0.23,0.433,0.785,0.476,1.4
261,Willie Warren,2011,2011,LAC,NBA,PG,19,0,134,3.5,9.4,2.1,5.4,1.3,4,1.6,2.1,0.3,3,3.2,7.3,1.6,0,2.1,4.3,9.9,0.371,0.4,0.333,0.443,0.75,0.48,0.2
232,Xavier Henry,2011,2013,TOT,NBA,SG,133,18,1911,4.2,10.3,3.9,9.5,0.2,0.8,2.7,4.3,1,3.4,4.4,1.2,1,0.3,1.5,3.4,11.3,0.403,0.413,0.289,0.414,0.624,0.46,0.5
327,Xavier Silas,2012,2012,PHI,NBA,#N/A,2,0,39,3.7,13.8,2.8,8.3,0.9,5.5,1.8,2.8,1.8,1.8,3.7,2.8,0,0,2.8,4.6,10.2,0.267,0.333,0.167,0.3,0.667,0.337,-0.1
312,Zabian Dowdell,2011,2011,PHO,NBA,#N/A,24,0,292,6.3,15.4,5.9,14.2,0.4,1.2,2,2.1,0.6,1.8,2.5,6.3,2.5,0.2,3.6,3.7,14.9,0.408,0.417,0.3,0.42,0.941,0.457,-0.1
